vehicle_id,from_grid_id,to_grid_id,distance_km,travel_time_min
truck_01,DEPOT,200m_r025_c042__v01,0.399551132711587,1.08968490739524
truck_01,200m_r025_c042__v01,200m_r024_c043__v01,0.282525401745279,0.770523822941669
truck_01,200m_r024_c043__v01,200m_r022_c043__v01,0.399551132711192,1.08968490739416
truck_01,200m_r022_c043__v01,200m_r023_c044__v01,0.282529077395958,0.770533847443521
truck_01,200m_r023_c044__v01,200m_r024_c045__v01,0.282527239634607,0.770528835367111
truck_01,200m_r024_c045__v01,200m_r025_c046__v01,0.282525401745279,0.770523822941669
truck_01,200m_r025_c046__v01,200m_r026_c047__v01,0.282523563729009,0.770518810170024
truck_01,200m_r026_c047__v01,200m_r026_c049__v01,0.399543578816927,1.08966430586435
truck_01,200m_r026_c049__v01,200m_r026_c051__v01,0.399543578818386,1.08966430586833
truck_01,200m_r026_c051__v01,200m_r026_c054__v01,0.599315368204979,1.63449645874085
truck_01,200m_r026_c054__v01,200m_r024_c057__v01,0.720298108739724,1.96444938747197
truck_01,200m_r024_c057__v01,200m_r026_c061__v01,0.89341928026532,2.43659803708724
truck_01,200m_r026_c061__v01,200m_r028_c063__v01,0.5650416128738,1.54102258056491
truck_01,200m_r028_c063__v01,200m_r029_c064__v01,0.282518048918598,0.770503769777995
truck_01,200m_r029_c064__v01,200m_r029_c065__v01,0.199763989874631,0.544810881476266
truck_01,200m_r029_c065__v01,200m_r029_c066__v01,0.199763989874631,0.544810881476266
truck_01,200m_r029_c066__v01,200m_r031_c066__v01,0.399551132711192,1.08968490739416
truck_01,200m_r031_c066__v01,200m_r032_c068__v01,0.446679408955885,1.21821656987969
truck_01,200m_r032_c068__v01,200m_r033_c068__v01,0.199775566355596,0.54484245369708
truck_01,200m_r033_c068__v01,200m_r034_c068__v01,0.199775566355596,0.54484245369708
truck_01,200m_r034_c068__v01,200m_r035_c067__v01,0.282507015871002,0.770473679648188
truck_01,200m_r035_c067__v01,200m_r036_c066__v01,0.282505176584548,0.770468663412404
truck_01,200m_r036_c066__v01,200m_r036_c065__v01,0.199745784076209,0.544761229298751
truck_01,200m_r036_c065__v01,200m_r035_c064__v01,0.28250517658558,0.770468663415218
truck_01,200m_r035_c064__v01,200m_r033_c064__v01,0.399551132711192,1.08968490739416
truck_01,200m_r033_c064__v01,200m_r031_c064__v01,0.399551132711192,1.08968490739416
truck_01,200m_r031_c064__v01,200m_r029_c064__v01,0.399551132711192,1.08968490739416
truck_01,200m_r029_c064__v01,200m_r030_c064__v01,0.199775566355596,0.54484245369708
truck_01,200m_r030_c064__v01,200m_r032_c063__v01,0.446704243872392,1.21828430147016
truck_01,200m_r032_c063__v01,200m_r034_c061__v01,0.565019549062721,1.54096240653469
truck_01,200m_r034_c061__v01,200m_r035_c059__v01,0.446665451227754,1.21817850334842
truck_01,200m_r035_c059__v01,200m_r035_c055__v01,0.798993541887537,2.17907329605692
truck_01,200m_r035_c055__v01,200m_r036_c053__v01,0.446660797972842,1.21816581265321
truck_01,200m_r036_c053__v01,200m_r036_c047__v01,1.19847470415795,3.26856737497623
truck_01,200m_r036_c047__v01,200m_r036_c046__v01,0.199745784076209,0.544761229298751
truck_01,200m_r036_c046__v01,200m_r038_c043__v01,0.720220214858699,1.96423694961463
truck_01,200m_r038_c043__v01,200m_r039_c040__v01,0.631642537695272,1.72266146644165
truck_01,200m_r039_c040__v01,200m_r037_c037__v01,0.720213720684428,1.96421923823026
truck_01,200m_r037_c037__v01,200m_r038_c037__v01,0.199775566355596,0.54484245369708
truck_01,200m_r038_c037__v01,200m_r041_c037__v01,0.599326699066788,1.63452736109124
truck_01,200m_r041_c037__v01,200m_r042_c036__v01,0.282494138208544,0.770438558750573
truck_01,200m_r042_c036__v01,200m_r042_c033__v01,0.599190514303902,1.63415594810155
truck_01,200m_r042_c033__v01,200m_r045_c032__v01,0.631730222462415,1.72290060671568
truck_01,200m_r045_c032__v01,200m_r042_c033__v01,0.631730222462415,1.72290060671568
truck_01,200m_r042_c033__v01,200m_r042_c036__v01,0.599190514303902,1.63415594810155
truck_01,200m_r042_c036__v01,200m_r042_c038__v01,0.399460342884366,1.08943729877554
truck_01,200m_r042_c038__v01,200m_r044_c040__v01,0.564982755741584,1.54086206111341
truck_01,200m_r044_c040__v01,200m_r043_c040__v01,0.199775566355596,0.54484245369708
truck_01,200m_r043_c040__v01,200m_r040_c040__v01,0.599326699066788,1.63452736109124
truck_01,200m_r040_c040__v01,200m_r038_c043__v01,0.720207226047198,1.96420152558327
truck_01,200m_r038_c043__v01,200m_r036_c045__v01,0.565004834779356,1.54092227667097
truck_01,200m_r036_c045__v01,200m_r034_c046__v01,0.446699591603042,1.21827161346284
truck_01,200m_r034_c046__v01,200m_r033_c045__v01,0.282508855029531,0.770478695535083
truck_01,200m_r033_c045__v01,200m_r032_c044__v01,0.28251069406116,0.770483711075892
truck_01,200m_r032_c044__v01,200m_r031_c042__v01,0.446679408955885,1.21821656987969
truck_01,200m_r031_c042__v01,200m_r029_c042__v01,0.399551132711192,1.08968490739416
truck_01,200m_r029_c042__v01,DEPOT,0.399551132711192,1.08968490739416
truck_02,DEPOT,200m_r026_c040__v01,0.446702665054978,1.21827999560449
truck_02,200m_r026_c040__v01,200m_r025_c039__v01,0.282523563727977,0.770518810167209
truck_02,200m_r025_c039__v01,200m_r024_c039__v01,0.199775566355596,0.54484245369708
truck_02,200m_r024_c039__v01,200m_r024_c041__v01,0.399553976237715,1.0896926624665
truck_02,200m_r024_c041__v01,200m_r023_c042__v01,0.282527239634607,0.770528835367111
truck_02,200m_r023_c042__v01,200m_r022_c043__v01,0.28252907739699,0.770533847446336
truck_02,200m_r022_c043__v01,200m_r020_c043__v01,0.399551132711192,1.08968490739416
truck_02,200m_r020_c043__v01,200m_r018_c043__v01,0.399551132711192,1.08968490739416
truck_02,200m_r018_c043__v01,200m_r016_c042__v01,0.446720517272515,1.2183286834705
truck_02,200m_r016_c042__v01,200m_r013_c042__v01,0.599326699066788,1.63452736109124
truck_02,200m_r013_c042__v01,200m_r011_c041__v01,0.446726325602273,1.21834452436983
truck_02,200m_r011_c041__v01,200m_r010_c039__v01,0.446777027563321,1.21848280244542
truck_02,200m_r010_c039__v01,200m_r008_c038__v01,0.446729809690592,1.21835402642889
truck_02,200m_r008_c038__v01,200m_r007_c037__v01,0.282556628595966,0.770608987079906
truck_02,200m_r007_c037__v01,200m_r007_c036__v01,0.199821145436213,0.54496676028058
truck_02,200m_r007_c036__v01,200m_r007_c037__v01,0.199821145436213,0.54496676028058
truck_02,200m_r007_c037__v01,200m_r008_c038__v01,0.282556628595966,0.770608987079906
truck_02,200m_r008_c038__v01,200m_r010_c039__v01,0.446729809690592,1.21835402642889
truck_02,200m_r010_c039__v01,200m_r011_c041__v01,0.446777027563321,1.21848280244542
truck_02,200m_r011_c041__v01,200m_r013_c042__v01,0.446726325602273,1.21834452436983
truck_02,200m_r013_c042__v01,200m_r014_c045__v02,0.63182749867871,1.72316590548739
truck_02,200m_r014_c045__v02,200m_r017_c048__v01,0.847625814300855,2.31170676627506
truck_02,200m_r017_c048__v01,200m_r018_c049__v01,0.282538264304545,0.770558902648758
truck_02,200m_r018_c049__v01,200m_r021_c050__v01,0.631749958262407,1.72295443162475
truck_02,200m_r021_c050__v01,200m_r023_c050__v01,0.399551132711192,1.08968490739416
truck_02,200m_r023_c050__v01,200m_r025_c050__v01,0.399551132711192,1.08968490739416
truck_02,200m_r025_c050__v01,200m_r026_c051__v01,0.282523563729009,0.770518810170024
truck_02,200m_r026_c051__v01,200m_r026_c054__v01,0.599315368204979,1.63449645874085
truck_02,200m_r026_c054__v01,200m_r024_c057__v01,0.720298108739724,1.96444938747197
truck_02,200m_r024_c057__v01,200m_r026_c061__v01,0.89341928026532,2.43659803708724
truck_02,200m_r026_c061__v01,200m_r028_c063__v01,0.5650416128738,1.54102258056491
truck_02,200m_r028_c063__v01,200m_r029_c064__v01,0.282518048918598,0.770503769777995
truck_02,200m_r029_c064__v01,200m_r029_c065__v01,0.199763989874631,0.544810881476266
truck_02,200m_r029_c065__v01,200m_r029_c066__v02,0.199763989874631,0.544810881476266
truck_02,200m_r029_c066__v02,200m_r030_c067__v01,0.282516210393578,0.77049875561885
truck_02,200m_r030_c067__v01,200m_r030_c069__v01,0.399522779262587,1.08960757980706
truck_02,200m_r030_c069__v01,200m_r031_c071__v01,0.446684060853906,1.21822925687429
truck_02,200m_r031_c071__v01,200m_r032_c072__v01,0.282512532965887,0.7704887262706
truck_02,200m_r032_c072__v01,200m_r033_c075__v01,0.631686959645635,1.72278261721537
truck_02,200m_r033_c075__v01,200m_r033_c076__v01,0.19975358773971,0.544782512017391
truck_02,200m_r033_c076__v01,200m_r033_c075__v01,0.19975358773971,0.544782512017391
truck_02,200m_r033_c075__v01,200m_r032_c072__v01,0.631686959645635,1.72278261721537
truck_02,200m_r032_c072__v01,200m_r031_c071__v01,0.282512532965887,0.7704887262706
truck_02,200m_r031_c071__v01,200m_r030_c069__v01,0.446684060853906,1.21822925687429
truck_02,200m_r030_c069__v01,200m_r030_c067__v01,0.399522779262587,1.08960757980706
truck_02,200m_r030_c067__v01,200m_r029_c066__v01,0.282516210393578,0.77049875561885
truck_02,200m_r029_c066__v01,200m_r028_c065__v01,0.282518048918598,0.770503769777995
truck_02,200m_r028_c065__v01,200m_r028_c063__v01,0.399533179826177,1.08963594498048
truck_02,200m_r028_c063__v01,200m_r027_c061__v01,0.446698014512488,1.21826731230679
truck_02,200m_r027_c061__v01,200m_r028_c059__v01,0.446698014513793,1.21826731231035
truck_02,200m_r028_c059__v01,200m_r030_c058__v01,0.4467065695521,1.218290644233
truck_02,200m_r030_c058__v01,200m_r030_c056__v01,0.399522779262587,1.08960757980706
truck_02,200m_r030_c056__v01,200m_r029_c053__v01,0.631709163205411,1.72284317237839
truck_02,200m_r029_c053__v01,200m_r030_c052__v01,0.28251621039461,0.770498755621665
truck_02,200m_r030_c052__v01,200m_r030_c049__v01,0.599284168871269,1.63441136964892
truck_02,200m_r030_c049__v01,200m_r030_c048__v01,0.199761389635524,0.544803789915066
truck_02,200m_r030_c048__v01,200m_r032_c046__v01,0.56502690468163,1.54098246731354
truck_02,200m_r032_c046__v01,200m_r032_c044__v01,0.399512377127659,1.08957921034816
truck_02,200m_r032_c044__v01,200m_r031_c042__v01,0.446679408955885,1.21821656987969
truck_02,200m_r031_c042__v01,200m_r029_c042__v01,0.399551132711192,1.08968490739416
truck_02,200m_r029_c042__v01,DEPOT,0.399551132711192,1.08968490739416
truck_03,DEPOT,200m_r025_c042__v01,0.399551132711587,1.08968490739524
truck_03,200m_r025_c042__v01,200m_r024_c043__v01,0.282525401745279,0.770523822941669
truck_03,200m_r024_c043__v01,200m_r023_c043__v01,0.199775566355596,0.54484245369708
truck_03,200m_r023_c043__v01,200m_r021_c043__v01,0.399551132711192,1.08968490739416
truck_03,200m_r021_c043__v01,200m_r019_c043__v01,0.399551132711192,1.08968490739416
truck_03,200m_r019_c043__v01,200m_r018_c043__v01,0.199775566355596,0.54484245369708
truck_03,200m_r018_c043__v01,200m_r017_c041__v01,0.446744504655683,1.21839410360641
truck_03,200m_r017_c041__v01,200m_r016_c039__v01,0.446749151802313,1.21840677764267
truck_03,200m_r016_c039__v01,200m_r016_c037__v01,0.399595550207305,1.08980604601992
truck_03,200m_r016_c037__v01,200m_r014_c036__v01,0.446722840831778,1.2183350204503
truck_03,200m_r014_c036__v01,200m_r012_c035__v01,0.446725164087247,1.21834135660158
truck_03,200m_r012_c035__v01,200m_r010_c034__v01,0.446727487040848,1.21834769192959
truck_03,200m_r010_c034__v01,200m_r009_c033__v01,0.282552956753706,0.770598972964653
truck_03,200m_r009_c033__v01,200m_r010_c034__v01,0.282552956753706,0.770598972964653
truck_03,200m_r010_c034__v01,200m_r012_c035__v01,0.446727487040848,1.21834769192959
truck_03,200m_r012_c035__v01,200m_r013_c034__v01,0.282547448037734,0.770583949193821
truck_03,200m_r013_c034__v01,200m_r015_c032__v01,0.565089386442603,1.54115287211619
truck_03,200m_r015_c032__v01,200m_r016_c031__v01,0.282541938178778,0.770568922305757
truck_03,200m_r016_c031__v01,200m_r016_c030__v01,0.199797775107875,0.544903023021478
truck_03,200m_r016_c030__v01,200m_r016_c029__v01,0.199797775107875,0.544903023021478
truck_03,200m_r016_c029__v01,200m_r016_c028__v01,0.199797775106415,0.544903023017496
truck_03,200m_r016_c028__v01,200m_r016_c027__v01,0.199797775107875,0.544903023021478
truck_03,200m_r016_c027__v01,200m_r016_c028__v01,0.199797775107875,0.544903023021478
truck_03,200m_r016_c028__v01,200m_r016_c029__v01,0.199797775106415,0.544903023017496
truck_03,200m_r016_c029__v01,200m_r016_c030__v01,0.199797775107875,0.544903023021478
truck_03,200m_r016_c030__v01,200m_r016_c031__v01,0.199797775107875,0.544903023021478
truck_03,200m_r016_c031__v01,200m_r015_c032__v01,0.282541938178778,0.770568922305757
truck_03,200m_r015_c032__v01,200m_r013_c034__v01,0.565089386442603,1.54115287211619
truck_03,200m_r013_c034__v01,200m_r012_c035__v01,0.282547448037734,0.770583949193821
truck_03,200m_r012_c035__v01,200m_r010_c034__v01,0.446727487040848,1.21834769192959
truck_03,200m_r010_c034__v01,200m_r009_c034__v01,0.199775566355596,0.54484245369708
truck_03,200m_r009_c034__v01,200m_r009_c035__v01,0.199815953405183,0.544952600195953
truck_03,200m_r009_c035__v01,200m_r009_c036__v01,0.199815953403723,0.544952600191972
truck_03,200m_r009_c036__v01,200m_r009_c037__v01,0.199815953405183,0.544952600195953
truck_03,200m_r009_c037__v01,200m_r009_c036__v01,0.199815953405183,0.544952600195953
truck_03,200m_r009_c036__v01,200m_r009_c035__v01,0.199815953403723,0.544952600191972
truck_03,200m_r009_c035__v01,200m_r009_c034__v01,0.199815953405183,0.544952600195953
truck_03,200m_r009_c034__v01,200m_r009_c033__v01,0.199815953405183,0.544952600195953
truck_03,200m_r009_c033__v01,200m_r009_c032__v01,0.199815953403723,0.544952600191972
truck_03,200m_r009_c032__v01,200m_r010_c033__v01,0.282552956752674,0.770598972961838
truck_03,200m_r010_c033__v01,200m_r010_c034__v01,0.19981335709496,0.544945519349891
truck_03,200m_r010_c034__v01,200m_r012_c035__v01,0.446727487040848,1.21834769192959
truck_03,200m_r012_c035__v01,200m_r013_c034__v01,0.282547448037734,0.770583949193821
truck_03,200m_r013_c034__v01,200m_r015_c032__v01,0.565089386442603,1.54115287211619
truck_03,200m_r015_c032__v01,200m_r016_c031__v01,0.282541938178778,0.770568922305757
truck_03,200m_r016_c031__v01,200m_r016_c030__v01,0.199797775107875,0.544903023021478
truck_03,200m_r016_c030__v01,200m_r017_c029__v01,0.282540101305151,0.770563912650411
truck_03,200m_r017_c029__v01,200m_r017_c028__v01,0.199795177420967,0.544895938420819
truck_03,200m_r017_c028__v01,200m_r019_c027__v01,0.446719355379216,1.21832551467059
truck_03,200m_r019_c027__v01,200m_r021_c026__v01,0.446717031365301,1.21831917645082
truck_03,200m_r021_c026__v01,200m_r021_c024__v01,0.399569569422395,1.08973518933381
truck_03,200m_r021_c024__v01,200m_r021_c022__v01,0.399569569423855,1.08973518933779
truck_03,200m_r021_c022__v01,200m_r022_c021__v01,0.282530915032422,0.770538859179332
truck_03,200m_r022_c021__v01,200m_r024_c020__v01,0.446713544775544,1.21830966756967
truck_03,200m_r024_c020__v01,200m_r024_c017__v01,0.599330964337627,1.63453899364807
truck_03,200m_r024_c017__v01,200m_r024_c013__v01,0.799107952409258,2.17938532475252
truck_03,200m_r024_c013__v01,200m_r026_c009__v01,0.893419280264015,2.43659803708368
truck_03,200m_r026_c009__v01,200m_r026_c008__v01,0.199771789413421,0.544832152945695
truck_03,200m_r026_c008__v01,200m_r023_c008__v02,0.599326699066788,1.63452736109124
truck_03,200m_r023_c008__v02,200m_r026_c008__v01,0.599326699066788,1.63452736109124
truck_03,200m_r026_c008__v01,200m_r026_c009__v01,0.199771789413421,0.544832152945695
truck_03,200m_r026_c009__v01,200m_r024_c013__v01,0.893419280264015,2.43659803708368
truck_03,200m_r024_c013__v01,200m_r024_c017__v01,0.799107952409258,2.17938532475252
truck_03,200m_r024_c017__v01,200m_r024_c016__v01,0.199776988122355,0.544846331242786
truck_03,200m_r024_c016__v01,200m_r025_c019__v01,0.631746158150646,1.72294406768358
truck_03,200m_r025_c019__v01,200m_r025_c020__v01,0.199774388866833,0.54483924236409
truck_03,200m_r025_c020__v01,200m_r026_c022__v01,0.446707315255231,1.21829267796881
truck_03,200m_r026_c022__v01,200m_r026_c024__v01,0.399543578818386,1.08966430586833
truck_03,200m_r026_c024__v01,200m_r026_c026__v01,0.399543578816927,1.08966430586435
truck_03,200m_r026_c026__v01,200m_r027_c030__v01,0.823676060730097,2.24638925653663
truck_03,200m_r027_c030__v01,200m_r028_c034__v01,0.82366597224463,2.24636174248536
truck_03,200m_r028_c034__v01,200m_r028_c036__v01,0.399533179824717,1.0896359449765
truck_03,200m_r028_c036__v01,200m_r028_c037__v01,0.199766589917318,0.544817972501776
truck_03,200m_r028_c037__v01,200m_r027_c038__v01,0.282519887315664,0.770508783588174
truck_03,200m_r027_c038__v01,200m_r026_c040__v01,0.446702665053672,1.21827999560092
truck_03,200m_r026_c040__v01,DEPOT,0.446702665054978,1.21827999560449
truck_04,DEPOT,200m_r026_c040__v01,0.446702665054978,1.21827999560449
truck_04,200m_r026_c040__v01,200m_r027_c038__v01,0.446702665053672,1.21827999560092
truck_04,200m_r027_c038__v01,200m_r028_c037__v01,0.282519887315664,0.770508783588174
truck_04,200m_r028_c037__v01,200m_r028_c036__v01,0.199766589917318,0.544817972501776
truck_04,200m_r028_c036__v01,200m_r028_c034__v01,0.399533179824717,1.0896359449765
truck_04,200m_r028_c034__v01,200m_r027_c030__v01,0.82366597224463,2.24636174248536
truck_04,200m_r027_c030__v01,200m_r026_c026__v01,0.823676060730097,2.24638925653663
truck_04,200m_r026_c026__v01,200m_r026_c024__v01,0.399543578816927,1.08966430586435
truck_04,200m_r026_c024__v01,200m_r026_c022__v01,0.399543578818386,1.08966430586833
truck_04,200m_r026_c022__v01,200m_r025_c021__v01,0.282523563729009,0.770518810170024
truck_04,200m_r025_c021__v01,200m_r025_c022__v01,0.199774388866833,0.54483924236409
truck_04,200m_r025_c022__v01,200m_r023_c023__v01,0.446712382428317,1.21830649753177
truck_04,200m_r023_c023__v01,200m_r021_c024__v01,0.446714707048324,1.21831283740452
truck_04,200m_r021_c024__v01,200m_r020_c024__v01,0.199775566355596,0.54484245369708
truck_04,200m_r020_c024__v01,200m_r018_c024__v01,0.399551132711192,1.08968490739416
truck_04,200m_r018_c024__v01,200m_r017_c025__v01,0.282538264303512,0.770558902645943
truck_04,200m_r017_c025__v01,200m_r016_c027__v02,0.446749151803619,1.21840677764623
truck_04,200m_r016_c027__v02,200m_r016_c028__v01,0.199797775107875,0.544903023021478
truck_04,200m_r016_c028__v01,200m_r016_c029__v01,0.199797775106415,0.544903023017496
truck_04,200m_r016_c029__v01,200m_r016_c030__v01,0.199797775107875,0.544903023021478
truck_04,200m_r016_c030__v01,200m_r017_c031__v01,0.282540101305151,0.770563912650411
truck_04,200m_r017_c031__v01,200m_r018_c032__v01,0.282538264304545,0.770558902648758
truck_04,200m_r018_c032__v01,200m_r018_c034__v01,0.399585159071149,1.08977770655768
truck_04,200m_r018_c034__v01,200m_r018_c035__v01,0.199792579540528,0.544888853292348
truck_04,200m_r018_c035__v01,200m_r018_c037__v01,0.399585159071149,1.08977770655768
truck_04,200m_r018_c037__v01,200m_r019_c038__v01,0.282536427176964,0.770553892300811
truck_04,200m_r019_c038__v01,200m_r020_c038__v01,0.199775566355596,0.54484245369708
truck_04,200m_r020_c038__v01,200m_r022_c038__v01,0.399551132711192,1.08968490739416
truck_04,200m_r022_c038__v01,200m_r023_c039__v01,0.28252907739699,0.770533847446336
truck_04,200m_r023_c039__v01,200m_r024_c040__v01,0.282527239633575,0.770528835364296
truck_04,200m_r024_c040__v01,200m_r024_c041__v01,0.199776988123815,0.544846331246767
truck_04,200m_r024_c041__v01,200m_r025_c042__v01,0.282525401745279,0.770523822941669
truck_04,200m_r025_c042__v01,200m_r025_c044__v01,0.399548777723751,1.08967848470114
truck_04,200m_r025_c044__v01,200m_r025_c045__v01,0.199774388866833,0.54483924236409
truck_04,200m_r025_c045__v01,200m_r026_c047__v01,0.446707315256536,1.21829267797237
truck_04,200m_r026_c047__v01,200m_r026_c049__v01,0.399543578816927,1.08966430586435
truck_04,200m_r026_c049__v01,200m_r026_c051__v01,0.399543578818386,1.08966430586833
truck_04,200m_r026_c051__v01,200m_r026_c054__v01,0.599315368204979,1.63449645874085
truck_04,200m_r026_c054__v01,200m_r024_c057__v01,0.720298108739724,1.96444938747197
truck_04,200m_r024_c057__v01,200m_r026_c061__v01,0.89341928026532,2.43659803708724
truck_04,200m_r026_c061__v01,200m_r028_c063__v01,0.5650416128738,1.54102258056491
truck_04,200m_r028_c063__v01,200m_r029_c064__v01,0.282518048918598,0.770503769777995
truck_04,200m_r029_c064__v01,200m_r029_c065__v01,0.199763989874631,0.544810881476266
truck_04,200m_r029_c065__v01,200m_r029_c066__v01,0.199763989874631,0.544810881476266
truck_04,200m_r029_c066__v01,200m_r031_c066__v01,0.399551132711192,1.08968490739416
truck_04,200m_r031_c066__v01,200m_r032_c068__v01,0.446679408955885,1.21821656987969
truck_04,200m_r032_c068__v01,200m_r032_c068__v02,0,0
truck_04,200m_r032_c068__v02,200m_r033_c068__v01,0.199775566355596,0.54484245369708
truck_04,200m_r033_c068__v01,200m_r034_c068__v01,0.199775566355596,0.54484245369708
truck_04,200m_r034_c068__v01,200m_r035_c067__v01,0.282507015871002,0.770473679648188
truck_04,200m_r035_c067__v01,200m_r036_c066__v01,0.282505176584548,0.770468663412404
truck_04,200m_r036_c066__v01,200m_r037_c065__v01,0.282503337173269,0.770463646836188
truck_04,200m_r037_c065__v01,200m_r038_c065__v02,0.199775566355596,0.54484245369708
truck_04,200m_r038_c065__v02,200m_r038_c066__v01,0.19974058065186,0.544747038141437
truck_04,200m_r038_c066__v01,200m_r038_c068__v01,0.39948116129379,1.08949407625579
truck_04,200m_r038_c068__v01,200m_r039_c070__v01,0.44664683617292,1.21812773501705
truck_04,200m_r039_c070__v01,200m_r038_c068__v01,0.44664683617292,1.21812773501705
truck_04,200m_r038_c068__v01,200m_r038_c066__v01,0.39948116129379,1.08949407625579
truck_04,200m_r038_c066__v01,200m_r038_c065__v01,0.19974058065186,0.544747038141437
truck_04,200m_r038_c065__v01,200m_r037_c065__v01,0.199775566355596,0.54484245369708
truck_04,200m_r037_c065__v01,200m_r036_c064__v01,0.282503337173269,0.770463646836188
truck_04,200m_r036_c064__v01,200m_r036_c063__v01,0.199745784076209,0.544761229298751
truck_04,200m_r036_c063__v01,200m_r036_c061__v01,0.39949156814249,1.08952245857043
truck_04,200m_r036_c061__v01,200m_r035_c059__v01,0.446660797972842,1.21816581265321
truck_04,200m_r035_c059__v01,200m_r034_c056__v01,0.631672154525683,1.7227422396155
truck_04,200m_r034_c056__v01,200m_r033_c054__v01,0.446670104142149,1.21819119311495
truck_04,200m_r033_c054__v01,200m_r030_c052__v01,0.720280993452698,1.96440270941645
truck_04,200m_r030_c052__v01,200m_r030_c049__v01,0.599284168871269,1.63441136964892
truck_04,200m_r030_c049__v01,200m_r029_c046__v01,0.631709163205411,1.72284317237839
truck_04,200m_r029_c046__v01,200m_r028_c045__v01,0.282518048918598,0.770503769777995
truck_04,200m_r028_c045__v01,200m_r027_c043__v01,0.446698014512488,1.21826731230679
truck_04,200m_r027_c043__v01,DEPOT,0.199769189763582,0.544825062991588
truck_05,DEPOT,200m_r027_c043__v01,0.199769189763582,0.544825062991588
truck_05,200m_r027_c043__v01,200m_r028_c045__v01,0.446698014512488,1.21826731230679
truck_05,200m_r028_c045__v01,200m_r029_c046__v01,0.282518048918598,0.770503769777995
truck_05,200m_r029_c046__v01,200m_r030_c049__v01,0.631709163205411,1.72284317237839
truck_05,200m_r030_c049__v01,200m_r030_c052__v01,0.599284168871269,1.63441136964892
truck_05,200m_r030_c052__v01,200m_r033_c054__v01,0.720280993452698,1.96440270941645
truck_05,200m_r033_c054__v01,200m_r034_c056__v01,0.446670104142149,1.21819119311495
truck_05,200m_r034_c056__v01,200m_r035_c059__v01,0.631672154525683,1.7227422396155
truck_05,200m_r035_c059__v01,200m_r036_c061__v01,0.446660797972842,1.21816581265321
truck_05,200m_r036_c061__v01,200m_r037_c062__v01,0.282503337173269,0.770463646836188
truck_05,200m_r037_c062__v01,200m_r038_c064__v01,0.446651490444112,1.21814042848394
truck_05,200m_r038_c064__v01,200m_r039_c065__v01,0.282499657967998,0.770453612639996
truck_05,200m_r039_c065__v01,200m_r039_c066__v01,0.199737978645089,0.544739941759334
truck_05,200m_r039_c066__v01,200m_r039_c065__v01,0.199737978645089,0.544739941759334
truck_05,200m_r039_c065__v01,200m_r038_c064__v01,0.282499657967998,0.770453612639996
truck_05,200m_r038_c064__v01,200m_r037_c062__v01,0.446651490444112,1.21814042848394
truck_05,200m_r037_c062__v01,200m_r036_c061__v01,0.282503337173269,0.770463646836188
truck_05,200m_r036_c061__v01,200m_r035_c059__v01,0.446660797972842,1.21816581265321
truck_05,200m_r035_c059__v01,200m_r034_c056__v01,0.631672154525683,1.7227422396155
truck_05,200m_r034_c056__v01,200m_r033_c054__v01,0.446670104142149,1.21819119311495
truck_05,200m_r033_c054__v01,200m_r030_c052__v01,0.720280993452698,1.96440270941645
truck_05,200m_r030_c052__v01,200m_r030_c049__v01,0.599284168871269,1.63441136964892
truck_05,200m_r030_c049__v01,200m_r029_c046__v01,0.631709163205411,1.72284317237839
truck_05,200m_r029_c046__v01,200m_r028_c045__v01,0.282518048918598,0.770503769777995
truck_05,200m_r028_c045__v01,200m_r027_c043__v01,0.446698014512488,1.21826731230679
truck_05,200m_r027_c043__v01,DEPOT,0.199769189763582,0.544825062991588
truck_05,DEPOT,200m_r026_c040__v01,0.446702665054978,1.21827999560449
truck_05,200m_r026_c040__v01,200m_r026_c038__v01,0.399543578816927,1.08966430586435
truck_05,200m_r026_c038__v01,200m_r025_c037__v01,0.282523563729009,0.770518810170024
truck_05,200m_r025_c037__v01,200m_r024_c036__v01,0.282525401745279,0.770523822941669
truck_05,200m_r024_c036__v01,200m_r023_c034__v01,0.446716614640853,1.2183180399296
truck_05,200m_r023_c034__v01,200m_r021_c033__v01,0.446714707048324,1.21831283740452
truck_05,200m_r021_c033__v01,200m_r021_c031__v01,0.399569569422395,1.08973518933381
truck_05,200m_r021_c031__v01,200m_r021_c029__v01,0.399569569423855,1.08973518933779
truck_05,200m_r021_c029__v01,200m_r021_c027__v01,0.399569569422395,1.08973518933381
truck_05,200m_r021_c027__v01,200m_r021_c026__v01,0.199784784716153,0.544867594680417
truck_05,200m_r021_c026__v01,200m_r020_c024__v01,0.446730561174549,1.21835607593059
truck_05,200m_r020_c024__v01,200m_r021_c026__v01,0.446730561174549,1.21835607593059
truck_05,200m_r021_c026__v01,200m_r021_c027__v01,0.199784784716153,0.544867594680417
truck_05,200m_r021_c027__v01,200m_r021_c029__v01,0.399569569422395,1.08973518933381
truck_05,200m_r021_c029__v01,200m_r021_c031__v01,0.399569569423855,1.08973518933779
truck_05,200m_r021_c031__v01,200m_r021_c033__v01,0.399569569422395,1.08973518933381
truck_05,200m_r021_c033__v01,200m_r022_c034__v01,0.282530915032422,0.770538859179332
truck_05,200m_r022_c034__v01,200m_r022_c036__v01,0.399564372087043,1.08972101478284
truck_05,200m_r022_c036__v01,200m_r022_c038__v01,0.399564372088502,1.08972101478682
truck_05,200m_r022_c038__v01,200m_r023_c039__v02,0.28252907739699,0.770533847446336
truck_05,200m_r023_c039__v02,200m_r024_c040__v01,0.282527239633575,0.770528835364296
truck_05,200m_r024_c040__v01,200m_r024_c041__v01,0.199776988123815,0.544846331246767
truck_05,200m_r024_c041__v01,200m_r025_c042__v01,0.282525401745279,0.770523822941669
truck_05,200m_r025_c042__v01,200m_r025_c044__v01,0.399548777723751,1.08967848470114
truck_05,200m_r025_c044__v01,200m_r025_c045__v01,0.199774388866833,0.54483924236409
truck_05,200m_r025_c045__v01,200m_r026_c047__v01,0.446707315256536,1.21829267797237
truck_05,200m_r026_c047__v01,200m_r026_c049__v01,0.399543578816927,1.08966430586435
truck_05,200m_r026_c049__v01,200m_r027_c051__v01,0.446702665054978,1.21827999560449
truck_05,200m_r027_c051__v01,200m_r029_c053__v01,0.565037936206313,1.54101255328994
truck_05,200m_r029_c053__v01,200m_r030_c056__v01,0.631709163205411,1.72284317237839
truck_05,200m_r030_c056__v01,200m_r032_c058__v01,0.565026904682662,1.54098246731635
truck_05,200m_r032_c058__v01,200m_r032_c059__v01,0.199756188566602,0.544789605181641
truck_05,200m_r032_c059__v01,200m_r034_c061__v01,0.565019549063753,1.54096240653751
truck_05,200m_r034_c061__v01,200m_r035_c063__v01,0.446665451226448,1.21817850334486
truck_05,200m_r035_c063__v01,200m_r035_c064__v01,0.199748385493781,0.544768324073949
truck_05,200m_r035_c064__v01,200m_r035_c066__v01,0.399496770979096,1.08953664812481
truck_05,200m_r035_c066__v01,200m_r035_c068__v01,0.399496770977636,1.08953664812083
truck_05,200m_r035_c068__v01,200m_r034_c068__v01,0.199775566355596,0.54484245369708
truck_05,200m_r034_c068__v01,200m_r033_c068__v01,0.199775566355596,0.54484245369708
truck_05,200m_r033_c068__v01,200m_r032_c068__v01,0.199775566355596,0.54484245369708
truck_05,200m_r032_c068__v01,200m_r030_c068__v01,0.399551132711192,1.08968490739416
truck_05,200m_r030_c068__v01,200m_r029_c067__v01,0.28251621039461,0.770498755621665
truck_05,200m_r029_c067__v01,200m_r028_c067__v01,0.199775566355596,0.54484245369708
truck_05,200m_r028_c067__v01,200m_r026_c067__v01,0.399551132711587,1.08968490739524
truck_05,200m_r026_c067__v01,200m_r024_c068__v01,0.446711220004687,1.21830332728551
truck_05,200m_r024_c068__v01,200m_r025_c066__v01,0.446711965117686,1.21830535941187
truck_05,200m_r025_c066__v01,200m_r025_c065__v01,0.199774388866833,0.54483924236409
truck_05,200m_r025_c065__v01,200m_r026_c063__v01,0.446707315256536,1.21829267797237
truck_05,200m_r026_c063__v01,200m_r027_c061__v01,0.446702665053672,1.21827999560092
truck_05,200m_r027_c061__v01,200m_r028_c059__v01,0.446698014513793,1.21826731231035
truck_05,200m_r028_c059__v01,200m_r028_c058__v01,0.199766589915858,0.544817972497795
truck_05,200m_r028_c058__v01,200m_r030_c056__v01,0.565034259286287,1.54100252532624
truck_05,200m_r030_c056__v01,200m_r029_c053__v01,0.631709163205411,1.72284317237839
truck_05,200m_r029_c053__v01,200m_r030_c052__v01,0.28251621039461,0.770498755621665
truck_05,200m_r030_c052__v01,200m_r030_c049__v01,0.599284168871269,1.63441136964892
truck_05,200m_r030_c049__v01,200m_r030_c046__v01,0.599284168871269,1.63441136964892
truck_05,200m_r030_c046__v01,200m_r029_c044__v01,0.446688712413991,1.21824194294725
truck_05,200m_r029_c044__v01,DEPOT,0.565037936206313,1.54101255328994
truck_06,DEPOT,200m_r029_c043__v01,0.446707732279341,1.21829381530729
truck_06,200m_r029_c043__v01,DEPOT,0.446707732279341,1.21829381530729
truck_06,DEPOT,200m_r026_c040__v01,0.446702665054978,1.21827999560449
truck_06,200m_r026_c040__v01,200m_r026_c038__v01,0.399543578816927,1.08966430586435
truck_06,200m_r026_c038__v01,200m_r025_c037__v01,0.282523563729009,0.770518810170024
truck_06,200m_r025_c037__v01,200m_r024_c036__v01,0.282525401745279,0.770523822941669
truck_06,200m_r024_c036__v01,200m_r022_c036__v01,0.399551132711192,1.08968490739416
truck_06,200m_r022_c036__v01,200m_r021_c036__v01,0.199775566355596,0.54484245369708
truck_06,200m_r021_c036__v01,200m_r019_c035__v01,0.446717031364648,1.21831917644904
truck_06,200m_r019_c035__v01,200m_r018_c034__v01,0.282536427176964,0.770553892300811
truck_06,200m_r018_c034__v01,200m_r017_c034__v01,0.199775566355596,0.54484245369708
truck_06,200m_r017_c034__v01,200m_r018_c034__v01,0.199775566355596,0.54484245369708
truck_06,200m_r018_c034__v01,200m_r019_c035__v01,0.282536427176964,0.770553892300811
truck_06,200m_r019_c035__v01,200m_r021_c036__v01,0.446717031364648,1.21831917644904
truck_06,200m_r021_c036__v01,200m_r022_c036__v01,0.199775566355596,0.54484245369708
truck_06,200m_r022_c036__v01,200m_r024_c036__v01,0.399551132711192,1.08968490739416
truck_06,200m_r024_c036__v01,200m_r025_c037__v01,0.282525401745279,0.770523822941669
truck_06,200m_r025_c037__v01,200m_r024_c036__v01,0.282525401745279,0.770523822941669
truck_06,200m_r024_c036__v01,200m_r022_c036__v01,0.399551132711192,1.08968490739416
truck_06,200m_r022_c036__v01,200m_r021_c035__v01,0.282530915031389,0.770538859176517
truck_06,200m_r021_c035__v01,200m_r020_c034__v01,0.282532752540898,0.770543870566085
truck_06,200m_r020_c034__v01,200m_r019_c033__v01,0.282534589922413,0.770548881606582
truck_06,200m_r019_c033__v01,200m_r018_c032__v01,0.282536427175932,0.770553892297996
truck_06,200m_r018_c032__v01,200m_r017_c031__v01,0.282538264304545,0.770558902648758
truck_06,200m_r017_c031__v01,200m_r016_c031__v01,0.199775566355596,0.54484245369708
truck_06,200m_r016_c031__v01,200m_r015_c032__v01,0.282541938178778,0.770568922305757
truck_06,200m_r015_c032__v01,200m_r013_c034__v01,0.565089386442603,1.54115287211619
truck_06,200m_r013_c034__v01,200m_r012_c035__v01,0.282547448037734,0.770583949193821
truck_06,200m_r012_c035__v01,200m_r010_c034__v01,0.446727487040848,1.21834769192959
truck_06,200m_r010_c034__v01,200m_r009_c033__v02,0.282552956753706,0.770598972964653
truck_06,200m_r009_c033__v02,200m_r010_c034__v01,0.282552956753706,0.770598972964653
truck_06,200m_r010_c034__v01,200m_r012_c035__v01,0.446727487040848,1.21834769192959
truck_06,200m_r012_c035__v01,200m_r013_c034__v01,0.282547448037734,0.770583949193821
truck_06,200m_r013_c034__v01,200m_r015_c032__v01,0.565089386442603,1.54115287211619
truck_06,200m_r015_c032__v01,200m_r016_c031__v01,0.282541938178778,0.770568922305757
truck_06,200m_r016_c031__v01,200m_r016_c030__v01,0.199797775107875,0.544903023021478
truck_06,200m_r016_c030__v01,200m_r016_c029__v01,0.199797775107875,0.544903023021478
truck_06,200m_r016_c029__v01,200m_r016_c028__v01,0.199797775106415,0.544903023017496
truck_06,200m_r016_c028__v01,200m_r016_c027__v03,0.199797775107875,0.544903023021478
truck_06,200m_r016_c027__v03,200m_r017_c028__v01,0.282540101305151,0.770563912650411
truck_06,200m_r017_c028__v01,200m_r018_c029__v01,0.282538264303512,0.770558902645943
truck_06,200m_r018_c029__v01,200m_r017_c029__v01,0.199775566355596,0.54484245369708
truck_06,200m_r017_c029__v01,200m_r016_c030__v01,0.282540101305151,0.770563912650411
truck_06,200m_r016_c030__v01,200m_r017_c031__v01,0.282540101305151,0.770563912650411
truck_06,200m_r017_c031__v01,200m_r018_c032__v01,0.282538264304545,0.770558902648758
truck_06,200m_r018_c032__v01,200m_r019_c033__v01,0.282536427175932,0.770553892297996
truck_06,200m_r019_c033__v01,200m_r020_c034__v01,0.282534589922413,0.770548881606582
truck_06,200m_r020_c034__v01,200m_r021_c035__v01,0.282532752540898,0.770543870566085
truck_06,200m_r021_c035__v01,200m_r022_c036__v01,0.282530915031389,0.770538859176517
truck_06,200m_r022_c036__v01,200m_r024_c036__v01,0.399551132711192,1.08968490739416
truck_06,200m_r024_c036__v01,200m_r025_c037__v01,0.282525401745279,0.770523822941669
truck_06,200m_r025_c037__v01,200m_r026_c038__v01,0.282523563729009,0.770518810170024
truck_06,200m_r026_c038__v01,200m_r026_c040__v01,0.399543578816927,1.08966430586435
truck_06,200m_r026_c040__v01,DEPOT,0.446702665054978,1.21827999560449
truck_07,DEPOT,200m_r025_c042__v01,0.399551132711587,1.14157466489025
truck_07,200m_r025_c042__v01,200m_r025_c044__v01,0.399548777723751,1.14156793635358
truck_07,200m_r025_c044__v01,200m_r025_c045__v01,0.199774388866833,0.570783968190952
truck_07,200m_r025_c045__v01,200m_r026_c047__v01,0.446707315256536,1.27630661501868
truck_07,200m_r026_c047__v01,200m_r027_c046__v01,0.282521725586082,0.807204930245947
truck_07,200m_r027_c046__v01,200m_r029_c046__v01,0.399551132711192,1.14157466488912
truck_07,200m_r029_c046__v01,200m_r030_c046__v01,0.199775566355596,0.57078733244456
truck_07,200m_r030_c046__v01,200m_r032_c046__v01,0.399551132711192,1.14157466488912
truck_07,200m_r032_c046__v01,200m_r034_c046__v01,0.399551132711192,1.14157466488912
truck_07,200m_r034_c046__v01,200m_r036_c047__v02,0.446699591603042,1.27628454743726
truck_07,200m_r036_c047__v02,200m_r036_c047__v01,0,0
truck_07,200m_r036_c047__v01,200m_r036_c053__v01,1.19847470415795,3.42421344045129
truck_07,200m_r036_c053__v01,200m_r038_c058__v01,1.07567401210448,3.07335432029851
truck_07,200m_r038_c058__v01,200m_r039_c059__v01,0.282499657966967,0.807141879905619
truck_07,200m_r039_c059__v01,200m_r040_c061__v01,0.446642181561241,1.2761205187464
truck_07,200m_r040_c061__v01,200m_r040_c063__v01,0.399470752873916,1.14134500821119
truck_07,200m_r040_c063__v01,200m_r040_c065__v01,0.399470752875375,1.14134500821536
truck_07,200m_r040_c065__v01,200m_r041_c066__v01,0.282495978255229,0.807131366443511
truck_07,200m_r041_c066__v01,200m_r041_c068__v01,0.3994655480748,1.14133013735657
truck_07,200m_r041_c068__v01,200m_r041_c068__v02,0,0
truck_07,200m_r041_c068__v02,200m_r041_c068__v01,0,0
truck_07,200m_r041_c068__v01,200m_r039_c070__v01,0.564993796403311,1.61426798972374
truck_07,200m_r039_c070__v01,200m_r041_c072__v01,0.564993796402279,1.6142679897208
truck_07,200m_r041_c072__v01,200m_r042_c073__v01,0.282494138208544,0.807126109167267
truck_07,200m_r042_c073__v01,200m_r044_c075__v01,0.564982755741584,1.61423644497595
truck_07,200m_r044_c075__v01,200m_r044_c076__v01,0.19972496566537,0.570642759043915
truck_07,200m_r044_c076__v01,200m_r044_c075__v01,0.19972496566537,0.570642759043915
truck_07,200m_r044_c075__v01,200m_r042_c073__v01,0.564982755741584,1.61423644497595
truck_07,200m_r042_c073__v01,200m_r041_c072__v01,0.282494138208544,0.807126109167267
truck_07,200m_r041_c072__v01,200m_r039_c070__v01,0.564993796402279,1.6142679897208
truck_07,200m_r039_c070__v01,200m_r038_c068__v01,0.44664683617292,1.27613381763691
truck_07,200m_r038_c068__v01,200m_r038_c066__v01,0.39948116129379,1.14137474655369
truck_07,200m_r038_c066__v01,200m_r039_c066__v01,0.199775566355596,0.57078733244456
truck_07,200m_r039_c066__v01,200m_r040_c066__v01,0.199775566355596,0.57078733244456
truck_07,200m_r040_c066__v01,200m_r041_c066__v01,0.199775566355596,0.57078733244456
truck_07,200m_r041_c066__v01,200m_r040_c065__v01,0.282495978255229,0.807131366443511
truck_07,200m_r040_c065__v01,200m_r039_c065__v02,0.199775566355596,0.57078733244456
truck_07,200m_r039_c065__v02,200m_r040_c066__v01,0.282497818175049,0.807136623357282
truck_07,200m_r040_c066__v01,200m_r040_c067__v01,0.199735376440465,0.570672504115613
truck_07,200m_r040_c067__v01,200m_r041_c069__v01,0.446637526610391,1.27610721888683
truck_07,200m_r041_c069__v01,200m_r040_c067__v01,0.446637526610391,1.27610721888683
truck_07,200m_r040_c067__v01,200m_r040_c066__v01,0.199735376440465,0.570672504115613
truck_07,200m_r040_c066__v01,200m_r040_c065__v01,0.199735376441924,0.570672504119783
truck_07,200m_r040_c065__v01,200m_r041_c066__v01,0.282495978255229,0.807131366443511
truck_07,200m_r041_c066__v01,200m_r043_c066__v01,0.399551132711192,1.14157466488912
truck_07,200m_r043_c066__v01,200m_r043_c065__v01,0.199727568654088,0.570650196154536
truck_07,200m_r043_c065__v01,200m_r044_c063__v01,0.446623559722881,1.27606731349394
truck_07,200m_r044_c063__v01,200m_r042_c061__v01,0.564982755741584,1.61423644497595
truck_07,200m_r042_c061__v01,200m_r040_c060__v01,0.446692610927926,1.27626460265122
truck_07,200m_r040_c060__v01,200m_r038_c058__v01,0.564997476115053,1.61427850318586
truck_07,200m_r038_c058__v01,200m_r035_c055__v01,0.847510011284082,2.42145717509738
truck_07,200m_r035_c055__v01,200m_r033_c054__v01,0.446700754783948,1.27628787081128
truck_07,200m_r033_c054__v01,200m_r030_c052__v01,0.720280993452698,2.05794569557914
truck_07,200m_r030_c052__v01,200m_r030_c049__v01,0.599284168871269,1.71224048248934
truck_07,200m_r030_c049__v01,200m_r029_c046__v01,0.631709163205411,1.80488332344403
truck_07,200m_r029_c046__v01,200m_r028_c045__v01,0.282518048918598,0.807194425481709
truck_07,200m_r028_c045__v01,200m_r027_c043__v01,0.446698014512488,1.27628004146425
truck_07,200m_r027_c043__v01,DEPOT,0.199769189763582,0.570769113610235
truck_08,DEPOT,200m_r026_c040__v01,0.446702665054978,1.27629332872851
truck_08,200m_r026_c040__v01,200m_r027_c038__v01,0.446702665053672,1.27629332872478
truck_08,200m_r027_c038__v01,200m_r028_c037__v01,0.282519887315664,0.807199678044754
truck_08,200m_r028_c037__v01,200m_r028_c036__v01,0.199766589917318,0.570761685478051
truck_08,200m_r028_c036__v01,200m_r028_c034__v01,0.399533179824717,1.14152337092776
truck_08,200m_r028_c034__v01,200m_r027_c030__v01,0.82366597224463,2.35333134927037
truck_08,200m_r027_c030__v01,200m_r026_c026__v01,0.823676060730097,2.35336017351456
truck_08,200m_r026_c026__v01,200m_r026_c024__v01,0.399543578816927,1.14155308233408
truck_08,200m_r026_c024__v01,200m_r026_c022__v01,0.399543578818386,1.14155308233825
truck_08,200m_r026_c022__v01,200m_r028_c020__v01,0.5650416128738,1.61440460821086
truck_08,200m_r028_c020__v01,200m_r029_c018__v01,0.446693363633521,1.27626675323863
truck_08,200m_r029_c018__v01,200m_r030_c016__v01,0.446688712412686,1.27625346403624
truck_08,200m_r030_c016__v01,200m_r030_c013__v01,0.599284168872728,1.71224048249351
truck_08,200m_r030_c013__v01,200m_r029_c011__v01,0.446688712412686,1.27625346403624
truck_08,200m_r029_c011__v01,200m_r028_c008__v01,0.631716563293257,1.80490446655216
truck_08,200m_r028_c008__v01,200m_r030_c004__v01,0.89338207593724,2.55252021696354
truck_08,200m_r030_c004__v01,200m_r031_c003__v01,0.282514371743705,0.807183919267728
truck_08,200m_r031_c003__v01,200m_r038_c001__v01,1.45437385708641,4.15535387738973
truck_08,200m_r038_c001__v01,200m_r031_c003__v01,1.45437385708641,4.15535387738973
truck_08,200m_r031_c003__v01,200m_r030_c004__v01,0.282514371743705,0.807183919267728
truck_08,200m_r030_c004__v01,200m_r027_c007__v01,0.847554146520164,2.4215832757719
truck_08,200m_r027_c007__v01,200m_r026_c009__v01,0.446702665054978,1.27629332872851
truck_08,200m_r026_c009__v01,200m_r024_c013__v01,0.893419280264015,2.55262651504004
truck_08,200m_r024_c013__v01,200m_r024_c015__v01,0.399553976239175,1.14158278925479
truck_08,200m_r024_c015__v01,200m_r025_c019__v01,0.823696235437164,2.35341781553475
truck_08,200m_r025_c019__v01,200m_r025_c020__v01,0.199774388866833,0.570783968190952
truck_08,200m_r025_c020__v01,200m_r026_c022__v01,0.446707315255231,1.27630661501495
truck_08,200m_r026_c022__v01,200m_r026_c024__v01,0.399543578818386,1.14155308233825
truck_08,200m_r026_c024__v01,200m_r026_c026__v01,0.399543578816927,1.14155308233408
truck_08,200m_r026_c026__v01,200m_r027_c030__v01,0.823676060730097,2.35336017351456
truck_08,200m_r027_c030__v01,200m_r029_c034__v01,0.893391378037059,2.5525467943916
truck_08,200m_r029_c034__v01,200m_r029_c035__v01,0.199763989874631,0.57075425678466
truck_08,200m_r029_c035__v01,200m_r029_c037__v01,0.399527979739343,1.14150851354098
truck_08,200m_r029_c037__v01,200m_r030_c039__v01,0.446688712413991,1.27625346403997
truck_08,200m_r030_c039__v01,200m_r030_c040__v01,0.199761389634065,0.570746827525899
truck_08,200m_r030_c040__v01,200m_r031_c042__v01,0.446684060855212,1.27624017387203
truck_08,200m_r031_c042__v01,200m_r032_c044__v01,0.446679408955885,1.2762268827311
truck_08,200m_r032_c044__v01,200m_r033_c045__v01,0.28251069406116,0.807173411603315
truck_08,200m_r033_c045__v01,200m_r034_c046__v01,0.282508855029531,0.80716815722723
truck_08,200m_r034_c046__v01,200m_r036_c047__v01,0.446699591603042,1.27628454743726
truck_08,200m_r036_c047__v01,200m_r036_c053__v01,1.19847470415795,3.42421344045129
truck_08,200m_r036_c053__v01,200m_r038_c058__v01,1.07567401210448,3.07335432029851
truck_08,200m_r038_c058__v01,200m_r039_c059__v01,0.282499657966967,0.807141879905619
truck_08,200m_r039_c059__v01,200m_r040_c061__v01,0.446642181561241,1.2761205187464
truck_08,200m_r040_c061__v01,200m_r040_c063__v01,0.399470752873916,1.14134500821119
truck_08,200m_r040_c063__v01,200m_r040_c065__v01,0.399470752875375,1.14134500821536
truck_08,200m_r040_c065__v01,200m_r041_c066__v01,0.282495978255229,0.807131366443511
truck_08,200m_r041_c066__v01,200m_r041_c068__v01,0.3994655480748,1.14133013735657
truck_08,200m_r041_c068__v01,200m_r040_c067__v01,0.282495978255229,0.807131366443511
truck_08,200m_r040_c067__v01,200m_r039_c066__v01,0.282497818174017,0.807136623354334
truck_08,200m_r039_c066__v01,200m_r038_c065__v01,0.282499657967998,0.807141879908567
truck_08,200m_r038_c065__v01,200m_r037_c065__v01,0.199775566355596,0.57078733244456
truck_08,200m_r037_c065__v01,200m_r036_c066__v01,0.282503337173269,0.807152391923626
truck_08,200m_r036_c066__v01,200m_r035_c067__v01,0.282505176584548,0.807157647384424
truck_08,200m_r035_c067__v01,200m_r034_c067__v01,0.199775566355596,0.57078733244456
truck_08,200m_r034_c067__v01,200m_r033_c067__v01,0.199775566355596,0.57078733244456
truck_08,200m_r033_c067__v01,200m_r034_c067__v01,0.199775566355596,0.57078733244456
truck_08,200m_r034_c067__v01,200m_r035_c067__v01,0.199775566355596,0.57078733244456
truck_08,200m_r035_c067__v01,200m_r036_c067__v01,0.199775566355596,0.57078733244456
truck_08,200m_r036_c067__v01,200m_r035_c067__v01,0.199775566355596,0.57078733244456
truck_08,200m_r035_c067__v01,200m_r035_c065__v01,0.399496770977636,1.14141934565039
truck_08,200m_r035_c065__v01,200m_r035_c063__v01,0.399496770979096,1.14141934565456
truck_08,200m_r035_c063__v01,200m_r035_c061__v01,0.399496770977636,1.14141934565039
truck_08,200m_r035_c061__v01,200m_r035_c059__v01,0.399496770979096,1.14141934565456
truck_08,200m_r035_c059__v01,200m_r034_c056__v01,0.631672154525683,1.80477758435909
truck_08,200m_r034_c056__v01,200m_r033_c054__v01,0.446670104142149,1.276200297549
truck_08,200m_r033_c054__v01,200m_r030_c052__v01,0.720280993452698,2.05794569557914
truck_08,200m_r030_c052__v01,200m_r030_c049__v01,0.599284168871269,1.71224048248934
truck_08,200m_r030_c049__v01,200m_r029_c046__v01,0.631709163205411,1.80488332344403
truck_08,200m_r029_c046__v01,200m_r028_c045__v01,0.282518048918598,0.807194425481709
truck_08,200m_r028_c045__v01,200m_r027_c043__v01,0.446698014512488,1.27628004146425
truck_08,200m_r027_c043__v01,DEPOT,0.199769189763582,0.570769113610235
truck_09,DEPOT,200m_r026_c040__v01,0.446702665054978,1.27629332872851
truck_09,200m_r026_c040__v01,200m_r025_c039__v01,0.282523563727977,0.807210182079933
truck_09,200m_r025_c039__v01,200m_r025_c040__v01,0.199774388865374,0.570783968186782
truck_09,200m_r025_c040__v01,200m_r025_c042__v01,0.399548777725211,1.14156793635775
truck_09,200m_r025_c042__v01,200m_r025_c044__v01,0.399548777723751,1.14156793635358
truck_09,200m_r025_c044__v01,200m_r024_c043__v01,0.282525401744247,0.807215433554991
truck_09,200m_r024_c043__v01,200m_r022_c043__v01,0.399551132711192,1.14157466488912
truck_09,200m_r022_c043__v01,200m_r021_c041__v01,0.446725912670598,1.27635975048742
truck_09,200m_r021_c041__v01,200m_r021_c043__v01,0.399569569423855,1.14162734121101
truck_09,200m_r021_c043__v01,200m_r021_c046__v01,0.599354354113197,1.71244101175199
truck_09,200m_r021_c046__v01,200m_r019_c044__v01,0.565067342436427,1.61447812124693
truck_09,200m_r019_c044__v01,200m_r018_c043__v01,0.282536427175932,0.807246934788377
truck_09,200m_r018_c043__v01,200m_r017_c041__v01,0.446744504655683,1.27641287044481
truck_09,200m_r017_c041__v01,200m_r016_c039__v01,0.446749151802313,1.27642614800661
truck_09,200m_r016_c039__v01,200m_r016_c037__v01,0.399595550207305,1.14170157202087
truck_09,200m_r016_c037__v01,200m_r017_c035__v01,0.446749151802313,1.27642614800661
truck_09,200m_r017_c035__v01,200m_r018_c036__v01,0.282538264303512,0.807252183724321
truck_09,200m_r018_c036__v01,200m_r018_c037__v01,0.199792579540528,0.570835941544365
truck_09,200m_r018_c037__v01,200m_r018_c036__v01,0.199792579540528,0.570835941544365
truck_09,200m_r018_c036__v01,200m_r019_c035__v01,0.282536427175932,0.807246934788377
truck_09,200m_r019_c035__v01,200m_r020_c034__v01,0.282534589922413,0.807241685492609
truck_09,200m_r020_c034__v01,200m_r021_c033__v01,0.282532752540898,0.807236435831136
truck_09,200m_r021_c033__v01,200m_r020_c032__v01,0.282532752539865,0.807236435828187
truck_09,200m_r020_c032__v01,200m_r020_c033__v01,0.199787383185929,0.570821094816939
truck_09,200m_r020_c033__v01,200m_r021_c033__v01,0.199775566355596,0.57078733244456
truck_09,200m_r021_c033__v01,200m_r023_c034__v01,0.446714707048324,1.27632773442378
truck_09,200m_r023_c034__v01,200m_r024_c036__v01,0.446716614640853,1.27633318468815
truck_09,200m_r024_c036__v01,200m_r026_c036__v01,0.399551132711192,1.14157466488912
truck_09,200m_r026_c036__v01,200m_r027_c036__v01,0.199775566355991,0.570787332445689
truck_09,200m_r027_c036__v01,200m_r028_c036__v01,0.199775566355596,0.57078733244456
truck_09,200m_r028_c036__v01,200m_r029_c037__v01,0.282518048918598,0.807194425481709
truck_09,200m_r029_c037__v01,200m_r029_c035__v01,0.399527979739343,1.14150851354098
truck_09,200m_r029_c035__v01,200m_r030_c034__v01,0.28251621039461,0.80718917255603
truck_09,200m_r030_c034__v01,200m_r029_c035__v01,0.28251621039461,0.80718917255603
truck_09,200m_r029_c035__v01,200m_r029_c037__v01,0.399527979739343,1.14150851354098
truck_09,200m_r029_c037__v01,200m_r030_c038__v01,0.28251621039461,0.80718917255603
truck_09,200m_r030_c038__v01,200m_r030_c040__v01,0.399522779261128,1.14149365503179
truck_09,200m_r030_c040__v01,200m_r031_c042__v01,0.446684060855212,1.27624017387203
truck_09,200m_r031_c042__v01,200m_r032_c044__v01,0.446679408955885,1.2762268827311
truck_09,200m_r032_c044__v01,200m_r033_c045__v01,0.28251069406116,0.807173411603315
truck_09,200m_r033_c045__v01,200m_r032_c044__v01,0.28251069406116,0.807173411603315
truck_09,200m_r032_c044__v01,200m_r031_c042__v01,0.446679408955885,1.2762268827311
truck_09,200m_r031_c042__v01,200m_r029_c042__v01,0.399551132711192,1.14157466488912
truck_09,200m_r029_c042__v01,DEPOT,0.399551132711192,1.14157466488912
truck_10,DEPOT,200m_r026_c040__v01,0.446702665054978,1.27629332872851
truck_10,200m_r026_c040__v01,200m_r024_c040__v01,0.399551132711192,1.14157466488912
truck_10,200m_r024_c040__v01,200m_r024_c041__v01,0.199776988123815,0.57079139463947
truck_10,200m_r024_c041__v01,200m_r023_c042__v01,0.282527239634607,0.807220684670307
truck_10,200m_r023_c042__v01,200m_r022_c043__v01,0.28252907739699,0.807225935419971
truck_10,200m_r022_c043__v01,200m_r021_c043__v01,0.199775566355596,0.57078733244456
truck_10,200m_r021_c043__v01,200m_r020_c043__v01,0.199775566355596,0.57078733244456
truck_10,200m_r020_c043__v01,200m_r018_c043__v01,0.399551132711192,1.14157466488912
truck_10,200m_r018_c043__v01,200m_r016_c043__v01,0.399551132711192,1.14157466488912
truck_10,200m_r016_c043__v01,200m_r014_c045__v01,0.565085713076302,1.61453060878944
truck_10,200m_r014_c045__v01,200m_r013_c042__v01,0.63182749867871,1.80522142479631
truck_10,200m_r013_c042__v01,200m_r011_c041__v01,0.446726325602273,1.27636093029221
truck_10,200m_r011_c041__v01,200m_r009_c041__v01,0.399551132711192,1.14157466488912
truck_10,200m_r009_c041__v01,200m_r011_c041__v01,0.399551132711192,1.14157466488912
truck_10,200m_r011_c041__v01,200m_r013_c042__v01,0.446726325602273,1.27636093029221
truck_10,200m_r013_c042__v01,200m_r015_c041__v01,0.446724002497734,1.27635429285067
truck_10,200m_r015_c041__v01,200m_r016_c042__v01,0.282541938178778,0.807262680510793
truck_10,200m_r016_c042__v01,200m_r018_c043__v01,0.446720517272515,1.27634433506433
truck_10,200m_r018_c043__v01,200m_r020_c044__v01,0.44671819340949,1.27633769545569
truck_10,200m_r020_c044__v01,200m_r022_c045__v01,0.446715869244693,1.27633105498484
truck_10,200m_r022_c045__v01,200m_r023_c044__v01,0.28252907739699,0.807225935419971
truck_10,200m_r023_c044__v01,200m_r024_c043__v01,0.282527239633575,0.807220684667358
truck_10,200m_r024_c043__v01,200m_r025_c042__v01,0.282525401745279,0.807215433557939
truck_10,200m_r025_c042__v01,200m_r025_c040__v01,0.399548777725211,1.14156793635775
truck_10,200m_r025_c040__v01,200m_r026_c039__v01,0.282523563727977,0.807210182079933
truck_10,200m_r026_c039__v01,200m_r027_c038__v01,0.282521725586082,0.807204930245947
truck_10,200m_r027_c038__v01,200m_r028_c037__v01,0.282519887315664,0.807199678044754
truck_10,200m_r028_c037__v01,200m_r029_c036__v01,0.282518048918598,0.807194425481709
truck_10,200m_r029_c036__v01,200m_r029_c035__v01,0.199763989873171,0.57075425678049
truck_10,200m_r029_c035__v01,200m_r030_c034__v01,0.28251621039461,0.80718917255603
truck_10,200m_r030_c034__v01,200m_r031_c034__v01,0.199775566355596,0.57078733244456
truck_10,200m_r031_c034__v01,200m_r032_c033__v01,0.282512532965887,0.807178665616819
truck_10,200m_r032_c033__v01,200m_r031_c034__v01,0.282512532965887,0.807178665616819
truck_10,200m_r031_c034__v01,200m_r030_c034__v01,0.199775566355596,0.57078733244456
truck_10,200m_r030_c034__v01,200m_r029_c035__v01,0.28251621039461,0.80718917255603
truck_10,200m_r029_c035__v01,200m_r028_c036__v01,0.282518048917566,0.807194425478761
truck_10,200m_r028_c036__v01,200m_r027_c036__v01,0.199775566355596,0.57078733244456
truck_10,200m_r027_c036__v01,200m_r026_c036__v01,0.199775566355991,0.570787332445689
truck_10,200m_r026_c036__v01,200m_r024_c036__v01,0.399551132711192,1.14157466488912
truck_10,200m_r024_c036__v01,200m_r022_c036__v01,0.399551132711192,1.14157466488912
truck_10,200m_r022_c036__v01,200m_r021_c035__v01,0.282530915031389,0.80723118580397
truck_10,200m_r021_c035__v01,200m_r020_c034__v01,0.282532752540898,0.807236435831136
truck_10,200m_r020_c034__v01,200m_r019_c033__v01,0.282534589922413,0.807241685492609
truck_10,200m_r019_c033__v01,200m_r018_c032__v01,0.282536427175932,0.807246934788377
truck_10,200m_r018_c032__v01,200m_r017_c031__v01,0.282538264304545,0.80725218372727
truck_10,200m_r017_c031__v01,200m_r016_c030__v01,0.282540101305151,0.807257432300431
truck_10,200m_r016_c030__v01,200m_r015_c030__v01,0.199775566355596,0.57078733244456
truck_10,200m_r015_c030__v01,200m_r016_c030__v01,0.199775566355596,0.57078733244456
truck_10,200m_r016_c030__v01,200m_r017_c029__v01,0.282540101305151,0.807257432300431
truck_10,200m_r017_c029__v01,200m_r019_c029__v01,0.399551132711192,1.14157466488912
truck_10,200m_r019_c029__v01,200m_r020_c030__v01,0.282534589922413,0.807241685492609
truck_10,200m_r020_c030__v01,200m_r021_c031__v01,0.282532752540898,0.807236435831136
truck_10,200m_r021_c031__v01,200m_r021_c033__v01,0.399569569422395,1.14162734120684
truck_10,200m_r021_c033__v01,200m_r022_c034__v01,0.282530915032422,0.807231185806919
truck_10,200m_r022_c034__v01,200m_r022_c036__v01,0.399564372087043,1.14161249167726
truck_10,200m_r022_c036__v01,200m_r022_c038__v01,0.399564372088502,1.14161249168144
truck_10,200m_r022_c038__v01,200m_r023_c039__v01,0.28252907739699,0.807225935419971
truck_10,200m_r023_c039__v01,200m_r024_c040__v01,0.282527239633575,0.807220684667358
truck_10,200m_r024_c040__v01,200m_r024_c041__v01,0.199776988123815,0.57079139463947
truck_10,200m_r024_c041__v01,200m_r025_c042__v01,0.282525401745279,0.807215433557939
truck_10,200m_r025_c042__v01,DEPOT,0.399551132711587,1.14157466489025
truck_11,DEPOT,200m_r029_c042__v01,0.399551132711192,1.14157466488912
truck_11,200m_r029_c042__v01,200m_r031_c042__v01,0.399551132711192,1.14157466488912
truck_11,200m_r031_c042__v01,200m_r032_c044__v01,0.446679408955885,1.2762268827311
truck_11,200m_r032_c044__v01,200m_r033_c045__v01,0.28251069406116,0.807173411603315
truck_11,200m_r033_c045__v01,200m_r034_c046__v01,0.282508855029531,0.80716815722723
truck_11,200m_r034_c046__v01,200m_r036_c046__v01,0.399551132711192,1.14157466488912
truck_11,200m_r036_c046__v01,200m_r038_c043__v01,0.720220214858699,2.05777204245343
truck_11,200m_r038_c043__v01,200m_r039_c040__v01,0.631642537695272,1.80469296484364
truck_11,200m_r039_c040__v01,200m_r038_c037__v01,0.631642537693888,1.80469296483968
truck_11,200m_r038_c037__v01,200m_r038_c034__v01,0.599221741920239,1.71206211977211
truck_11,200m_r038_c034__v01,200m_r037_c032__v01,0.446651490444112,1.27614711555461
truck_11,200m_r037_c032__v01,200m_r037_c031__v01,0.199743182462234,0.570694807034955
truck_11,200m_r037_c031__v01,200m_r035_c029__v01,0.565008513731899,1.614310039234
truck_11,200m_r035_c029__v01,200m_r034_c023__v01,1.21503416080637,3.47152617373249
truck_11,200m_r034_c023__v01,200m_r031_c018__v01,1.16479306082093,3.32798017377409
truck_11,200m_r031_c018__v01,200m_r031_c017__v01,0.1997587892,0.570739397714286
truck_11,200m_r031_c017__v01,200m_r030_c013__v01,0.823635702261504,2.3532448636043
truck_11,200m_r030_c013__v01,200m_r029_c011__v01,0.446688712412686,1.27625346403624
truck_11,200m_r029_c011__v01,200m_r026_c008__v01,0.847559661711652,2.42159903346186
truck_11,200m_r026_c008__v01,200m_r023_c008__v01,0.599326699066788,1.71236199733368
truck_11,200m_r023_c008__v01,200m_r025_c006__v01,0.565052641352986,1.61443611815139
truck_11,200m_r025_c006__v01,200m_r029_c004__v01,0.893417789723077,2.55262225635165
truck_11,200m_r029_c004__v01,200m_r030_c003__v01,0.28251621039461,0.80718917255603
truck_11,200m_r030_c003__v01,200m_r033_c000__v01,0.847537598661994,2.42153599617713
truck_11,200m_r033_c000__v01,200m_r030_c004__v01,0.998819984463376,2.85377138418107
truck_11,200m_r030_c004__v01,200m_r027_c007__v01,0.847554146520164,2.4215832757719
truck_11,200m_r027_c007__v01,200m_r026_c009__v01,0.446702665054978,1.27629332872851
truck_11,200m_r026_c009__v01,200m_r024_c013__v01,0.893419280264015,2.55262651504004
truck_11,200m_r024_c013__v01,200m_r023_c014__v01,0.282527239634607,0.807220684670307
truck_11,200m_r023_c014__v01,200m_r025_c019__v01,1.07583094927119,3.0738027122034
truck_11,200m_r025_c019__v01,200m_r025_c020__v02,0.199774388866833,0.570783968190952
truck_11,200m_r025_c020__v02,200m_r024_c020__v01,0.199775566355596,0.57078733244456
truck_11,200m_r024_c020__v01,200m_r022_c021__v01,0.446713544775544,1.27632441364441
truck_11,200m_r022_c021__v01,200m_r021_c022__v01,0.282530915032422,0.807231185806919
truck_11,200m_r021_c022__v01,200m_r020_c024__v01,0.446730561175855,1.27637303193101
truck_11,200m_r020_c024__v01,200m_r018_c024__v01,0.399551132711192,1.14157466488912
truck_11,200m_r018_c024__v01,200m_r017_c025__v01,0.282538264303512,0.807252183724321
truck_11,200m_r017_c025__v01,200m_r018_c024__v01,0.282538264303512,0.807252183724321
truck_11,200m_r018_c024__v01,200m_r020_c025__v01,0.44671819340949,1.27633769545569
truck_11,200m_r020_c025__v01,200m_r022_c026__v01,0.446715869244693,1.27633105498484
truck_11,200m_r022_c026__v01,200m_r024_c026__v01,0.399551132711192,1.14157466488912
truck_11,200m_r024_c026__v01,200m_r026_c026__v01,0.399551132711192,1.14157466488912
truck_11,200m_r026_c026__v01,200m_r027_c030__v01,0.823676060730097,2.35336017351456
truck_11,200m_r027_c030__v01,200m_r029_c033__v01,0.720278641537206,2.05793897582059
truck_11,200m_r029_c033__v01,200m_r030_c034__v01,0.28251621039461,0.80718917255603
truck_11,200m_r030_c034__v01,200m_r032_c034__v01,0.399551132711192,1.14157466488912
truck_11,200m_r032_c034__v01,200m_r034_c035__v01,0.446701917889145,1.27629119396898
truck_11,200m_r034_c035__v01,200m_r037_c037__v01,0.720269452071521,2.05791272020434
truck_11,200m_r037_c037__v01,200m_r040_c037__v01,0.599326699066788,1.71236199733368
truck_11,200m_r040_c037__v01,200m_r041_c039__v01,0.446637526610391,1.27610721888683
truck_11,200m_r041_c039__v01,200m_r040_c040__v01,0.282495978254197,0.807131366440563
truck_11,200m_r040_c040__v01,200m_r038_c043__v01,0.720207226047198,2.05773493156342
truck_11,200m_r038_c043__v01,200m_r036_c045__v01,0.565004834779356,1.61429952794102
truck_11,200m_r036_c045__v01,200m_r034_c046__v01,0.446699591603042,1.27628454743726
truck_11,200m_r034_c046__v01,200m_r033_c045__v01,0.282508855029531,0.80716815722723
truck_11,200m_r033_c045__v01,200m_r032_c044__v01,0.28251069406116,0.807173411603315
truck_11,200m_r032_c044__v01,200m_r031_c042__v01,0.446679408955885,1.2762268827311
truck_11,200m_r031_c042__v01,200m_r029_c042__v01,0.399551132711192,1.14157466488912
truck_11,200m_r029_c042__v01,DEPOT,0.399551132711192,1.14157466488912
truck_12,DEPOT,200m_r026_c040__v01,0.446702665054978,1.27629332872851
truck_12,200m_r026_c040__v01,200m_r026_c038__v01,0.399543578816927,1.14155308233408
truck_12,200m_r026_c038__v01,200m_r026_c036__v01,0.399543578818386,1.14155308233825
truck_12,200m_r026_c036__v01,200m_r027_c036__v01,0.199775566355991,0.570787332445689
truck_12,200m_r027_c036__v01,200m_r028_c036__v01,0.199775566355596,0.57078733244456
truck_12,200m_r028_c036__v01,200m_r029_c035__v01,0.282518048917566,0.807194425478761
truck_12,200m_r029_c035__v01,200m_r031_c035__v01,0.399551132711192,1.14157466488912
truck_12,200m_r031_c035__v01,200m_r029_c035__v01,0.399551132711192,1.14157466488912
truck_12,200m_r029_c035__v01,200m_r029_c037__v01,0.399527979739343,1.14150851354098
truck_12,200m_r029_c037__v01,200m_r030_c039__v01,0.446688712413991,1.27625346403997
truck_12,200m_r030_c039__v01,200m_r030_c040__v01,0.199761389634065,0.570746827525899
truck_12,200m_r030_c040__v01,200m_r029_c042__v01,0.446688712413991,1.27625346403997
truck_12,200m_r029_c042__v01,200m_r029_c044__v01,0.399527979739343,1.14150851354098
truck_12,200m_r029_c044__v01,200m_r028_c045__v01,0.282518048918598,0.807194425481709
truck_12,200m_r028_c045__v01,200m_r027_c046__v01,0.282519887315664,0.807199678044754
truck_12,200m_r027_c046__v01,200m_r026_c047__v01,0.282521725586082,0.807204930245947
truck_12,200m_r026_c047__v01,200m_r025_c047__v01,0.199775566355596,0.57078733244456
truck_12,200m_r025_c047__v01,200m_r025_c046__v01,0.199774388866833,0.570783968190952
truck_12,200m_r025_c046__v01,200m_r024_c045__v01,0.282525401745279,0.807215433557939
truck_12,200m_r024_c045__v01,200m_r023_c044__v01,0.282527239634607,0.807220684670307
truck_12,200m_r023_c044__v01,200m_r022_c046__v01,0.44672126382603,1.27634646807437
truck_12,200m_r022_c046__v01,200m_r020_c044__v01,0.565063667546431,1.61446762156123
truck_12,200m_r020_c044__v01,200m_r018_c043__v01,0.44671819340949,1.27633769545569
truck_12,200m_r018_c043__v01,200m_r017_c041__v01,0.446744504655683,1.27641287044481
truck_12,200m_r017_c041__v01,200m_r016_c039__v01,0.446749151802313,1.27642614800661
truck_12,200m_r016_c039__v01,200m_r016_c037__v01,0.399595550207305,1.14170157202087
truck_12,200m_r016_c037__v01,200m_r014_c036__v01,0.446722840831778,1.27635097380508
truck_12,200m_r014_c036__v01,200m_r012_c035__v01,0.446725164087247,1.27635761167785
truck_12,200m_r012_c035__v01,200m_r010_c034__v01,0.446727487040848,1.27636424868814
truck_12,200m_r010_c034__v01,200m_r012_c035__v01,0.446727487040848,1.27636424868814
truck_12,200m_r012_c035__v01,200m_r014_c036__v01,0.446725164087247,1.27635761167785
truck_12,200m_r014_c036__v01,200m_r012_c035__v01,0.446725164087247,1.27635761167785
truck_12,200m_r012_c035__v01,200m_r010_c034__v01,0.446727487040848,1.27636424868814
truck_12,200m_r010_c034__v01,200m_r009_c034__v01,0.199775566355596,0.57078733244456
truck_12,200m_r009_c034__v01,200m_r008_c034__v01,0.199775566355596,0.57078733244456
truck_12,200m_r008_c034__v01,200m_r009_c034__v01,0.199775566355596,0.57078733244456
truck_12,200m_r009_c034__v01,200m_r010_c034__v01,0.199775566355596,0.57078733244456
truck_12,200m_r010_c034__v01,200m_r012_c035__v01,0.446727487040848,1.27636424868814
truck_12,200m_r012_c035__v01,200m_r013_c034__v01,0.282547448037734,0.807278422964956
truck_12,200m_r013_c034__v01,200m_r015_c032__v01,0.565089386442603,1.61454110412172
truck_12,200m_r015_c032__v01,200m_r016_c031__v01,0.282541938178778,0.807262680510793
truck_12,200m_r016_c031__v01,200m_r016_c030__v01,0.199797775107875,0.5708507860225
truck_12,200m_r016_c030__v01,200m_r016_c029__v01,0.199797775107875,0.5708507860225
truck_12,200m_r016_c029__v01,200m_r016_c028__v01,0.199797775106415,0.57085078601833
truck_12,200m_r016_c028__v01,200m_r017_c028__v01,0.199775566355596,0.57078733244456
truck_12,200m_r017_c028__v01,200m_r018_c029__v01,0.282538264303512,0.807252183724321
truck_12,200m_r018_c029__v01,200m_r019_c030__v01,0.282536427176964,0.807246934791325
truck_12,200m_r019_c030__v01,200m_r020_c031__v01,0.282534589922413,0.807241685492609
truck_12,200m_r020_c031__v01,200m_r021_c032__v01,0.282532752540898,0.807236435831136
truck_12,200m_r021_c032__v01,200m_r021_c033__v01,0.199784784714693,0.570813670613409
truck_12,200m_r021_c033__v01,200m_r023_c034__v01,0.446714707048324,1.27632773442378
truck_12,200m_r023_c034__v01,200m_r024_c036__v01,0.446716614640853,1.27633318468815
truck_12,200m_r024_c036__v01,200m_r022_c036__v01,0.399551132711192,1.14157466488912
truck_12,200m_r022_c036__v01,200m_r020_c036__v01,0.399551132711192,1.14157466488912
truck_12,200m_r020_c036__v01,200m_r022_c036__v01,0.399551132711192,1.14157466488912
truck_12,200m_r022_c036__v01,200m_r024_c036__v01,0.399551132711192,1.14157466488912
truck_12,200m_r024_c036__v01,200m_r025_c037__v01,0.282525401745279,0.807215433557939
truck_12,200m_r025_c037__v01,200m_r026_c038__v01,0.282523563729009,0.807210182082882
truck_12,200m_r026_c038__v01,200m_r026_c040__v01,0.399543578816927,1.14155308233408
truck_12,200m_r026_c040__v01,DEPOT,0.446702665054978,1.27629332872851
truck_13,DEPOT,200m_r025_c042__v01,0.399551132711587,1.19865339813476
truck_13,200m_r025_c042__v01,200m_r024_c043__v01,0.282525401745279,0.847576205235836
truck_13,200m_r024_c043__v01,200m_r025_c044__v01,0.282525401744247,0.84757620523274
truck_13,200m_r025_c044__v01,200m_r025_c045__v01,0.199774388866833,0.599323166600499
truck_13,200m_r025_c045__v01,200m_r025_c044__v01,0.199774388866833,0.599323166600499
truck_13,200m_r025_c044__v01,200m_r025_c042__v01,0.399548777723751,1.19864633317125
truck_13,200m_r025_c042__v01,200m_r025_c040__v01,0.399548777725211,1.19864633317563
truck_13,200m_r025_c040__v01,200m_r024_c039__v01,0.282525401744247,0.84757620523274
truck_13,200m_r024_c039__v01,200m_r023_c038__v01,0.282527239634607,0.847581718903822
truck_13,200m_r023_c038__v01,200m_r024_c038__v01,0.199775566355596,0.599326699066788
truck_13,200m_r024_c038__v01,200m_r025_c039__v01,0.282525401745279,0.847576205235836
truck_13,200m_r025_c039__v01,200m_r026_c040__v01,0.282523563727977,0.84757069118393
truck_13,200m_r026_c040__v01,DEPOT,0.446702665054978,1.34010799516493
truck_13,DEPOT,200m_r027_c043__v01,0.199769189763582,0.599307569290746
truck_13,200m_r027_c043__v01,200m_r028_c045__v01,0.446698014512488,1.34009404353746
truck_13,200m_r028_c045__v01,200m_r029_c046__v01,0.282518048918598,0.847554146755795
truck_13,200m_r029_c046__v01,200m_r030_c049__v01,0.631709163205411,1.89512748961623
truck_13,200m_r030_c049__v01,200m_r030_c052__v01,0.599284168871269,1.79785250661381
truck_13,200m_r030_c052__v01,200m_r033_c054__v01,0.720280993452698,2.16084298035809
truck_13,200m_r033_c054__v01,200m_r034_c056__v01,0.446670104142149,1.34001031242645
truck_13,200m_r034_c056__v01,200m_r035_c059__v01,0.631672154525683,1.89501646357705
truck_13,200m_r035_c059__v01,200m_r036_c061__v01,0.446660797972842,1.33998239391853
truck_13,200m_r036_c061__v01,200m_r037_c062__v01,0.282503337173269,0.847510011519807
truck_13,200m_r037_c062__v01,200m_r038_c064__v01,0.446651490444112,1.33995447133234
truck_13,200m_r038_c064__v01,200m_r039_c065__v01,0.282499657967998,0.847498973903995
truck_13,200m_r039_c065__v01,200m_r040_c066__v01,0.282497818175049,0.847493454525146
truck_13,200m_r040_c066__v01,200m_r041_c067__v01,0.282495978254197,0.847487934762591
truck_13,200m_r041_c067__v01,200m_r042_c068__v01,0.282494138208544,0.847482414625631
truck_13,200m_r042_c068__v01,200m_r041_c067__v01,0.282494138208544,0.847482414625631
truck_13,200m_r041_c067__v01,200m_r040_c066__v01,0.282495978254197,0.847487934762591
truck_13,200m_r040_c066__v01,200m_r039_c065__v01,0.282497818175049,0.847493454525146
truck_13,200m_r039_c065__v01,200m_r039_c064__v01,0.199737978645089,0.599213935935268
truck_13,200m_r039_c064__v01,200m_r038_c062__v01,0.446646836171614,1.33994050851484
truck_13,200m_r038_c062__v01,200m_r038_c060__v01,0.39948116129525,1.19844348388575
truck_13,200m_r038_c060__v01,200m_r038_c058__v01,0.39948116129379,1.19844348388137
truck_13,200m_r038_c058__v01,200m_r036_c053__v01,1.07567401210448,3.22702203631343
truck_13,200m_r036_c053__v01,200m_r036_c047__v01,1.19847470415795,3.59542411247385
truck_13,200m_r036_c047__v01,200m_r034_c046__v01,0.446699591603042,1.34009877480913
truck_13,200m_r034_c046__v01,200m_r033_c045__v01,0.282508855029531,0.847526565088592
truck_13,200m_r033_c045__v01,200m_r032_c044__v01,0.28251069406116,0.847532082183481
truck_13,200m_r032_c044__v01,200m_r032_c042__v01,0.3995123771262,1.1985371313786
truck_13,200m_r032_c042__v01,200m_r032_c040__v01,0.399512377127659,1.19853713138298
truck_13,200m_r032_c040__v01,200m_r031_c038__v01,0.446679408955885,1.34003822686766
truck_13,200m_r031_c038__v01,200m_r032_c040__v01,0.446679408955885,1.34003822686766
truck_13,200m_r032_c040__v01,200m_r032_c042__v01,0.399512377127659,1.19853713138298
truck_13,200m_r032_c042__v01,200m_r032_c044__v01,0.3995123771262,1.1985371313786
truck_13,200m_r032_c044__v01,200m_r032_c046__v01,0.399512377127659,1.19853713138298
truck_13,200m_r032_c046__v01,200m_r030_c046__v01,0.399551132711192,1.19865339813358
truck_13,200m_r030_c046__v01,200m_r029_c044__v01,0.446688712413991,1.34006613724197
truck_13,200m_r029_c044__v01,DEPOT,0.565037936206313,1.69511380861894
truck_14,DEPOT,200m_r026_c040__v01,0.446702665054978,1.34010799516493
truck_14,200m_r026_c040__v01,200m_r025_c040__v01,0.199775566355596,0.599326699066788
truck_14,200m_r025_c040__v01,200m_r024_c041__v01,0.282525401745279,0.847576205235836
truck_14,200m_r024_c041__v01,200m_r023_c042__v01,0.282527239634607,0.847581718903822
truck_14,200m_r023_c042__v01,200m_r022_c043__v01,0.28252907739699,0.84758723219097
truck_14,200m_r022_c043__v01,200m_r021_c043__v01,0.199775566355596,0.599326699066788
truck_14,200m_r021_c043__v01,200m_r020_c043__v01,0.199775566355596,0.599326699066788
truck_14,200m_r020_c043__v01,200m_r019_c043__v01,0.199775566355596,0.599326699066788
truck_14,200m_r019_c043__v01,200m_r018_c043__v01,0.199775566355596,0.599326699066788
truck_14,200m_r018_c043__v01,200m_r016_c042__v01,0.446720517272515,1.34016155181755
truck_14,200m_r016_c042__v01,200m_r014_c040__v01,0.565085713077335,1.695257139232
truck_14,200m_r014_c040__v01,200m_r011_c041__v01,0.63175570884209,1.89526712652627
truck_14,200m_r011_c041__v01,200m_r010_c039__v01,0.446777027563321,1.34033108268996
truck_14,200m_r010_c039__v01,200m_r008_c038__v01,0.446729809690592,1.34018942907178
truck_14,200m_r008_c038__v01,200m_r009_c037__v01,0.282554792738345,0.847664378215034
truck_14,200m_r009_c037__v01,200m_r009_c036__v01,0.199815953405183,0.599447860215548
truck_14,200m_r009_c036__v01,200m_r009_c035__v01,0.199815953403723,0.599447860211169
truck_14,200m_r009_c035__v01,200m_r009_c036__v01,0.199815953403723,0.599447860211169
truck_14,200m_r009_c036__v01,200m_r009_c035__v01,0.199815953403723,0.599447860211169
truck_14,200m_r009_c035__v01,200m_r009_c034__v01,0.199815953405183,0.599447860215548
truck_14,200m_r009_c034__v01,200m_r008_c033__v01,0.282554792738345,0.847664378215034
truck_14,200m_r008_c033__v01,200m_r009_c033__v01,0.199775566355596,0.599326699066788
truck_14,200m_r009_c033__v01,200m_r010_c034__v01,0.282552956753706,0.847658870261119
truck_14,200m_r010_c034__v01,200m_r012_c035__v01,0.446727487040848,1.34018246112255
truck_14,200m_r012_c035__v01,200m_r013_c034__v01,0.282547448037734,0.847642344113203
truck_14,200m_r013_c034__v01,200m_r015_c032__v01,0.565089386442603,1.69526815932781
truck_14,200m_r015_c032__v01,200m_r016_c031__v01,0.282541938178778,0.847625814536333
truck_14,200m_r016_c031__v01,200m_r016_c030__v01,0.199797775107875,0.599393325323625
truck_14,200m_r016_c030__v01,200m_r017_c029__v01,0.282540101305151,0.847620303915453
truck_14,200m_r017_c029__v01,200m_r017_c028__v01,0.199795177420967,0.599385532262901
truck_14,200m_r017_c028__v01,200m_r019_c027__v01,0.446719355379216,1.34015806613765
truck_14,200m_r019_c027__v01,200m_r021_c026__v01,0.446717031365301,1.3401510940959
truck_14,200m_r021_c026__v01,200m_r021_c024__v01,0.399569569422395,1.19870870826719
truck_14,200m_r021_c024__v01,200m_r023_c023__v01,0.446714707048324,1.34014412114497
truck_14,200m_r023_c023__v01,200m_r025_c022__v01,0.446712382428317,1.34013714728495
truck_14,200m_r025_c022__v01,200m_r026_c021__v01,0.282523563729009,0.847570691187027
truck_14,200m_r026_c021__v01,200m_r027_c019__v01,0.446702665053672,1.34010799516102
truck_14,200m_r027_c019__v01,200m_r026_c021__v01,0.446702665053672,1.34010799516102
truck_14,200m_r026_c021__v01,200m_r025_c022__v01,0.282523563729009,0.847570691187027
truck_14,200m_r025_c022__v01,200m_r024_c023__v01,0.282525401745279,0.847576205235836
truck_14,200m_r024_c023__v01,200m_r024_c025__v01,0.399553976237715,1.19866192871315
truck_14,200m_r024_c025__v01,200m_r023_c026__v01,0.282527239634607,0.847581718903822
truck_14,200m_r023_c026__v01,200m_r022_c026__v01,0.199775566355596,0.599326699066788
truck_14,200m_r022_c026__v01,200m_r021_c026__v01,0.199775566355596,0.599326699066788
truck_14,200m_r021_c026__v01,200m_r019_c027__v01,0.446717031365301,1.3401510940959
truck_14,200m_r019_c027__v01,200m_r017_c028__v01,0.446719355379216,1.34015806613765
truck_14,200m_r017_c028__v01,200m_r018_c029__v01,0.282538264303512,0.847614792910538
truck_14,200m_r018_c029__v01,200m_r019_c030__v01,0.282536427176964,0.847609281530892
truck_14,200m_r019_c030__v01,200m_r020_c031__v01,0.282534589922413,0.84760376976724
truck_14,200m_r020_c031__v01,200m_r021_c032__v01,0.282532752540898,0.847598257622693
truck_14,200m_r021_c032__v01,200m_r021_c033__v01,0.199784784714693,0.59935435414408
truck_14,200m_r021_c033__v01,200m_r023_c034__v01,0.446714707048324,1.34014412114497
truck_14,200m_r023_c034__v01,200m_r024_c036__v01,0.446716614640853,1.34014984392256
truck_14,200m_r024_c036__v01,200m_r025_c037__v01,0.282525401745279,0.847576205235836
truck_14,200m_r025_c037__v01,200m_r026_c038__v01,0.282523563729009,0.847570691187027
truck_14,200m_r026_c038__v01,200m_r026_c040__v01,0.399543578816927,1.19863073645078
truck_14,200m_r026_c040__v01,DEPOT,0.446702665054978,1.34010799516493
truck_15,DEPOT,200m_r026_c040__v01,0.446702665054978,1.34010799516493
truck_15,200m_r026_c040__v01,200m_r026_c038__v01,0.399543578816927,1.19863073645078
truck_15,200m_r026_c038__v01,200m_r027_c038__v01,0.199775566355991,0.599326699067973
truck_15,200m_r027_c038__v01,200m_r028_c038__v01,0.199775566355596,0.599326699066788
truck_15,200m_r028_c038__v01,200m_r028_c036__v01,0.399533179826177,1.19859953947853
truck_15,200m_r028_c036__v01,200m_r028_c034__v01,0.399533179824717,1.19859953947415
truck_15,200m_r028_c034__v01,200m_r027_c033__v01,0.282519887315664,0.847559661946992
truck_15,200m_r027_c033__v01,200m_r028_c034__v01,0.282519887315664,0.847559661946992
truck_15,200m_r028_c034__v01,200m_r028_c036__v01,0.399533179824717,1.19859953947415
truck_15,200m_r028_c036__v01,200m_r028_c037__v01,0.199766589917318,0.599299769751953
truck_15,200m_r028_c037__v01,200m_r027_c038__v01,0.282519887315664,0.847559661946992
truck_15,200m_r027_c038__v01,200m_r026_c039__v01,0.282521725586082,0.847565176758245
truck_15,200m_r026_c039__v01,200m_r025_c040__v01,0.282523563727977,0.84757069118393
truck_15,200m_r025_c040__v01,200m_r024_c041__v01,0.282525401745279,0.847576205235836
truck_15,200m_r024_c041__v01,200m_r023_c042__v01,0.282527239634607,0.847581718903822
truck_15,200m_r023_c042__v01,200m_r022_c043__v01,0.28252907739699,0.84758723219097
truck_15,200m_r022_c043__v01,200m_r020_c044__v01,0.44671586924404,1.34014760773212
truck_15,200m_r020_c044__v01,200m_r018_c043__v01,0.44671819340949,1.34015458022847
truck_15,200m_r018_c043__v01,200m_r019_c043__v01,0.199775566355596,0.599326699066788
truck_15,200m_r019_c043__v01,200m_r020_c042__v01,0.282534589922413,0.84760376976724
truck_15,200m_r020_c042__v01,200m_r019_c043__v01,0.282534589922413,0.84760376976724
truck_15,200m_r019_c043__v01,200m_r018_c043__v01,0.199775566355596,0.599326699066788
truck_15,200m_r018_c043__v01,200m_r017_c041__v01,0.446744504655683,1.34023351396705
truck_15,200m_r017_c041__v01,200m_r016_c039__v01,0.446749151802313,1.34024745540694
truck_15,200m_r016_c039__v01,200m_r016_c037__v01,0.399595550207305,1.19878665062192
truck_15,200m_r016_c037__v01,200m_r014_c036__v01,0.446722840831778,1.34016852249534
truck_15,200m_r014_c036__v01,200m_r012_c035__v01,0.446725164087247,1.34017549226174
truck_15,200m_r012_c035__v01,200m_r010_c034__v01,0.446727487040848,1.34018246112255
truck_15,200m_r010_c034__v01,200m_r010_c033__v04,0.19981335709496,0.59944007128488
truck_15,200m_r010_c033__v04,200m_r010_c034__v01,0.19981335709496,0.59944007128488
truck_15,200m_r010_c034__v01,200m_r012_c035__v01,0.446727487040848,1.34018246112255
truck_15,200m_r012_c035__v01,200m_r014_c034__v01,0.4467251640879,1.3401754922637
truck_15,200m_r014_c034__v01,200m_r016_c033__v01,0.446722840831778,1.34016852249534
truck_15,200m_r016_c033__v01,200m_r017_c032__v01,0.282540101304119,0.847620303912356
truck_15,200m_r017_c032__v01,200m_r018_c032__v01,0.199775566355596,0.599326699066788
truck_15,200m_r018_c032__v01,200m_r019_c033__v01,0.282536427175932,0.847609281527795
truck_15,200m_r019_c033__v01,200m_r020_c034__v01,0.282534589922413,0.84760376976724
truck_15,200m_r020_c034__v01,200m_r021_c035__v01,0.282532752540898,0.847598257622693
truck_15,200m_r021_c035__v01,200m_r022_c036__v01,0.282530915031389,0.847592745094168
truck_15,200m_r022_c036__v01,200m_r024_c036__v01,0.399551132711192,1.19865339813358
truck_15,200m_r024_c036__v01,200m_r025_c036__v01,0.199775566355596,0.599326699066788
truck_15,200m_r025_c036__v01,200m_r026_c036__v01,0.199775566355596,0.599326699066788
truck_15,200m_r026_c036__v01,200m_r027_c036__v01,0.199775566355991,0.599326699067973
truck_15,200m_r027_c036__v01,200m_r028_c037__v01,0.282519887315664,0.847559661946992
truck_15,200m_r028_c037__v01,200m_r029_c038__v01,0.282518048918598,0.847554146755795
truck_15,200m_r029_c038__v01,200m_r030_c039__v01,0.28251621039461,0.847548631183831
truck_15,200m_r030_c039__v01,200m_r030_c040__v01,0.199761389634065,0.599284168902194
truck_15,200m_r030_c040__v01,200m_r031_c042__v01,0.446684060855212,1.34005218256564
truck_15,200m_r031_c042__v01,200m_r032_c044__v01,0.446679408955885,1.34003822686766
truck_15,200m_r032_c044__v01,200m_r033_c045__v02,0.28251069406116,0.847532082183481
truck_15,200m_r033_c045__v02,200m_r032_c044__v01,0.28251069406116,0.847532082183481
truck_15,200m_r032_c044__v01,200m_r031_c042__v01,0.446679408955885,1.34003822686766
truck_15,200m_r031_c042__v01,200m_r029_c042__v01,0.399551132711192,1.19865339813358
truck_15,200m_r029_c042__v01,DEPOT,0.399551132711192,1.19865339813358
truck_16,DEPOT,200m_r026_c040__v01,0.446702665054978,1.34010799516493
truck_16,200m_r026_c040__v01,200m_r026_c039__v01,0.199771789411962,0.599315368235885
truck_16,200m_r026_c039__v01,200m_r026_c038__v01,0.199771789413421,0.599315368240264
truck_16,200m_r026_c038__v01,200m_r025_c037__v01,0.282523563729009,0.847570691187027
truck_16,200m_r025_c037__v01,200m_r024_c036__v01,0.282525401745279,0.847576205235836
truck_16,200m_r024_c036__v01,200m_r022_c036__v01,0.399551132711192,1.19865339813358
truck_16,200m_r022_c036__v01,200m_r021_c036__v01,0.199775566355596,0.599326699066788
truck_16,200m_r021_c036__v01,200m_r019_c035__v01,0.446717031364648,1.34015109409394
truck_16,200m_r019_c035__v01,200m_r018_c034__v01,0.282536427176964,0.847609281530892
truck_16,200m_r018_c034__v01,200m_r017_c034__v01,0.199775566355596,0.599326699066788
truck_16,200m_r017_c034__v01,200m_r016_c034__v01,0.199775566355596,0.599326699066788
truck_16,200m_r016_c034__v01,200m_r015_c034__v01,0.199775566355596,0.599326699066788
truck_16,200m_r015_c034__v01,200m_r014_c034__v01,0.199775566355596,0.599326699066788
truck_16,200m_r014_c034__v01,200m_r012_c035__v01,0.4467251640879,1.3401754922637
truck_16,200m_r012_c035__v01,200m_r010_c034__v01,0.446727487040848,1.34018246112255
truck_16,200m_r010_c034__v01,200m_r010_c033__v02,0.19981335709496,0.59944007128488
truck_16,200m_r010_c033__v02,200m_r010_c034__v01,0.19981335709496,0.59944007128488
truck_16,200m_r010_c034__v01,200m_r012_c035__v01,0.446727487040848,1.34018246112255
truck_16,200m_r012_c035__v01,200m_r014_c034__v01,0.4467251640879,1.3401754922637
truck_16,200m_r014_c034__v01,200m_r016_c034__v01,0.399551132711192,1.19865339813358
truck_16,200m_r016_c034__v01,200m_r018_c034__v01,0.399551132711192,1.19865339813358
truck_16,200m_r018_c034__v01,200m_r019_c034__v01,0.199775566355596,0.599326699066788
truck_16,200m_r019_c034__v01,200m_r020_c034__v01,0.199775566355596,0.599326699066788
truck_16,200m_r020_c034__v01,200m_r021_c035__v01,0.282532752540898,0.847598257622693
truck_16,200m_r021_c035__v01,200m_r022_c036__v01,0.282530915031389,0.847592745094168
truck_16,200m_r022_c036__v01,200m_r024_c036__v01,0.399551132711192,1.19865339813358
truck_16,200m_r024_c036__v01,200m_r024_c038__v01,0.399553976239175,1.19866192871753
truck_16,200m_r024_c038__v01,200m_r024_c036__v01,0.399553976239175,1.19866192871753
truck_16,200m_r024_c036__v01,200m_r023_c034__v01,0.446716614640853,1.34014984392256
truck_16,200m_r023_c034__v01,200m_r021_c033__v01,0.446714707048324,1.34014412114497
truck_16,200m_r021_c033__v01,200m_r021_c032__v01,0.199784784714693,0.59935435414408
truck_16,200m_r021_c032__v01,200m_r020_c031__v01,0.282532752540898,0.847598257622693
truck_16,200m_r020_c031__v01,200m_r019_c030__v01,0.282534589922413,0.84760376976724
truck_16,200m_r019_c030__v01,200m_r018_c029__v01,0.282536427176964,0.847609281530892
truck_16,200m_r018_c029__v01,200m_r017_c028__v02,0.282538264303512,0.847614792910538
truck_16,200m_r017_c028__v02,200m_r017_c029__v01,0.199795177420967,0.599385532262901
truck_16,200m_r017_c029__v01,200m_r016_c030__v01,0.282540101305151,0.847620303915453
truck_16,200m_r016_c030__v01,200m_r016_c031__v01,0.199797775107875,0.599393325323625
truck_16,200m_r016_c031__v01,200m_r015_c032__v01,0.282541938178778,0.847625814536333
truck_16,200m_r015_c032__v01,200m_r013_c034__v01,0.565089386442603,1.69526815932781
truck_16,200m_r013_c034__v01,200m_r012_c035__v01,0.282547448037734,0.847642344113203
truck_16,200m_r012_c035__v01,200m_r010_c034__v01,0.446727487040848,1.34018246112255
truck_16,200m_r010_c034__v01,200m_r009_c033__v01,0.282552956753706,0.847658870261119
truck_16,200m_r009_c033__v01,200m_r008_c032__v01,0.282554792737312,0.847664378211937
truck_16,200m_r008_c032__v01,200m_r009_c033__v01,0.282554792737312,0.847664378211937
truck_16,200m_r009_c033__v01,200m_r010_c034__v01,0.282552956753706,0.847658870261119
truck_16,200m_r010_c034__v01,200m_r012_c035__v01,0.446727487040848,1.34018246112255
truck_16,200m_r012_c035__v01,200m_r013_c034__v01,0.282547448037734,0.847642344113203
truck_16,200m_r013_c034__v01,200m_r015_c032__v01,0.565089386442603,1.69526815932781
truck_16,200m_r015_c032__v01,200m_r016_c031__v01,0.282541938178778,0.847625814536333
truck_16,200m_r016_c031__v01,200m_r016_c030__v01,0.199797775107875,0.599393325323625
truck_16,200m_r016_c030__v01,200m_r017_c029__v01,0.282540101305151,0.847620303915453
truck_16,200m_r017_c029__v01,200m_r017_c028__v01,0.199795177420967,0.599385532262901
truck_16,200m_r017_c028__v01,200m_r019_c027__v01,0.446719355379216,1.34015806613765
truck_16,200m_r019_c027__v01,200m_r019_c029__v01,0.399579962914454,1.19873988874336
truck_16,200m_r019_c029__v01,200m_r020_c030__v01,0.282534589922413,0.84760376976724
truck_16,200m_r020_c030__v01,200m_r020_c031__v01,0.199787383187388,0.599362149562165
truck_16,200m_r020_c031__v01,200m_r021_c032__v01,0.282532752540898,0.847598257622693
truck_16,200m_r021_c032__v01,200m_r021_c033__v01,0.199784784714693,0.59935435414408
truck_16,200m_r021_c033__v01,200m_r023_c034__v01,0.446714707048324,1.34014412114497
truck_16,200m_r023_c034__v01,200m_r024_c036__v01,0.446716614640853,1.34014984392256
truck_16,200m_r024_c036__v01,200m_r025_c037__v01,0.282525401745279,0.847576205235836
truck_16,200m_r025_c037__v01,200m_r026_c038__v01,0.282523563729009,0.847570691187027
truck_16,200m_r026_c038__v01,200m_r026_c040__v01,0.399543578816927,1.19863073645078
truck_16,200m_r026_c040__v01,DEPOT,0.446702665054978,1.34010799516493
truck_17,DEPOT,200m_r026_c040__v01,0.446702665054978,1.34010799516493
truck_17,200m_r026_c040__v01,200m_r026_c038__v01,0.399543578816927,1.19863073645078
truck_17,200m_r026_c038__v01,200m_r026_c037__v01,0.199771789413421,0.599315368240264
truck_17,200m_r026_c037__v01,200m_r025_c036__v01,0.282523563729009,0.847570691187027
truck_17,200m_r025_c036__v01,200m_r024_c036__v01,0.199775566355596,0.599326699066788
truck_17,200m_r024_c036__v01,200m_r023_c034__v01,0.446716614640853,1.34014984392256
truck_17,200m_r023_c034__v01,200m_r022_c034__v01,0.199775566355596,0.599326699066788
truck_17,200m_r022_c034__v01,200m_r020_c034__v01,0.399551132711192,1.19865339813358
truck_17,200m_r020_c034__v01,200m_r019_c034__v01,0.199775566355596,0.599326699066788
truck_17,200m_r019_c034__v01,200m_r018_c034__v01,0.199775566355596,0.599326699066788
truck_17,200m_r018_c034__v01,200m_r017_c034__v01,0.199775566355596,0.599326699066788
truck_17,200m_r017_c034__v01,200m_r016_c034__v01,0.199775566355596,0.599326699066788
truck_17,200m_r016_c034__v01,200m_r015_c034__v01,0.199775566355596,0.599326699066788
truck_17,200m_r015_c034__v01,200m_r014_c034__v01,0.199775566355596,0.599326699066788
truck_17,200m_r014_c034__v01,200m_r012_c035__v01,0.4467251640879,1.3401754922637
truck_17,200m_r012_c035__v01,200m_r010_c034__v01,0.446727487040848,1.34018246112255
truck_17,200m_r010_c034__v01,200m_r010_c033__v01,0.19981335709496,0.59944007128488
truck_17,200m_r010_c033__v01,200m_r010_c034__v01,0.19981335709496,0.59944007128488
truck_17,200m_r010_c034__v01,200m_r012_c035__v01,0.446727487040848,1.34018246112255
truck_17,200m_r012_c035__v01,200m_r013_c034__v01,0.282547448037734,0.847642344113203
truck_17,200m_r013_c034__v01,200m_r015_c032__v01,0.565089386442603,1.69526815932781
truck_17,200m_r015_c032__v01,200m_r016_c031__v01,0.282541938178778,0.847625814536333
truck_17,200m_r016_c031__v01,200m_r016_c030__v01,0.199797775107875,0.599393325323625
truck_17,200m_r016_c030__v01,200m_r016_c029__v01,0.199797775107875,0.599393325323625
truck_17,200m_r016_c029__v01,200m_r017_c028__v01,0.282540101304119,0.847620303912356
truck_17,200m_r017_c028__v01,200m_r019_c027__v01,0.446719355379216,1.34015806613765
truck_17,200m_r019_c027__v01,200m_r021_c026__v01,0.446717031365301,1.3401510940959
truck_17,200m_r021_c026__v01,200m_r022_c026__v02,0.199775566355596,0.599326699066788
truck_17,200m_r022_c026__v02,200m_r021_c026__v01,0.199775566355596,0.599326699066788
truck_17,200m_r021_c026__v01,200m_r019_c027__v01,0.446717031365301,1.3401510940959
truck_17,200m_r019_c027__v01,200m_r019_c028__v01,0.199789981462181,0.599369944386542
truck_17,200m_r019_c028__v01,200m_r019_c027__v01,0.199789981462181,0.599369944386542
truck_17,200m_r019_c027__v01,200m_r021_c026__v01,0.446717031365301,1.3401510940959
truck_17,200m_r021_c026__v01,200m_r021_c024__v01,0.399569569422395,1.19870870826719
truck_17,200m_r021_c024__v01,200m_r021_c022__v01,0.399569569423855,1.19870870827157
truck_17,200m_r021_c022__v01,200m_r022_c021__v01,0.282530915032422,0.847592745097265
truck_17,200m_r022_c021__v01,200m_r021_c022__v01,0.282530915032422,0.847592745097265
truck_17,200m_r021_c022__v01,200m_r021_c024__v01,0.399569569423855,1.19870870827157
truck_17,200m_r021_c024__v01,200m_r021_c026__v01,0.399569569422395,1.19870870826719
truck_17,200m_r021_c026__v01,200m_r021_c027__v01,0.199784784716153,0.599354354148459
truck_17,200m_r021_c027__v01,200m_r021_c029__v01,0.399569569422395,1.19870870826719
truck_17,200m_r021_c029__v01,200m_r019_c030__v01,0.446717031365301,1.3401510940959
truck_17,200m_r019_c030__v01,200m_r020_c031__v01,0.282534589922413,0.84760376976724
truck_17,200m_r020_c031__v01,200m_r021_c032__v01,0.282532752540898,0.847598257622693
truck_17,200m_r021_c032__v01,200m_r021_c033__v01,0.199784784714693,0.59935435414408
truck_17,200m_r021_c033__v01,200m_r023_c034__v01,0.446714707048324,1.34014412114497
truck_17,200m_r023_c034__v01,200m_r024_c036__v01,0.446716614640853,1.34014984392256
truck_17,200m_r024_c036__v01,200m_r026_c036__v01,0.399551132711192,1.19865339813358
truck_17,200m_r026_c036__v01,200m_r027_c036__v01,0.199775566355991,0.599326699067973
truck_17,200m_r027_c036__v01,200m_r028_c036__v01,0.199775566355596,0.599326699066788
truck_17,200m_r028_c036__v01,200m_r029_c035__v01,0.282518048917566,0.847554146752699
truck_17,200m_r029_c035__v01,200m_r031_c035__v01,0.399551132711192,1.19865339813358
truck_17,200m_r031_c035__v01,200m_r032_c035__v01,0.199775566355596,0.599326699066788
truck_17,200m_r032_c035__v01,200m_r034_c035__v01,0.399551132711192,1.19865339813358
truck_17,200m_r034_c035__v01,200m_r037_c037__v01,0.720269452071521,2.16080835621456
truck_17,200m_r037_c037__v01,200m_r039_c040__v01,0.720213720684428,2.16064116205329
truck_17,200m_r039_c040__v01,200m_r038_c043__v01,0.631642537695272,1.89492761308582
truck_17,200m_r038_c043__v01,200m_r036_c045__v01,0.565004834779356,1.69501450433807
truck_17,200m_r036_c045__v01,200m_r034_c046__v01,0.446699591603042,1.34009877480913
truck_17,200m_r034_c046__v01,200m_r033_c045__v01,0.282508855029531,0.847526565088592
truck_17,200m_r033_c045__v01,200m_r032_c044__v01,0.28251069406116,0.847532082183481
truck_17,200m_r032_c044__v01,200m_r031_c042__v01,0.446679408955885,1.34003822686766
truck_17,200m_r031_c042__v01,200m_r029_c042__v01,0.399551132711192,1.19865339813358
truck_17,200m_r029_c042__v01,DEPOT,0.399551132711192,1.19865339813358
truck_18,DEPOT,200m_r026_c040__v01,0.446702665054978,1.34010799516493
truck_18,200m_r026_c040__v01,200m_r026_c039__v01,0.199771789411962,0.599315368235885
truck_18,200m_r026_c039__v01,200m_r025_c038__v01,0.282523563729009,0.847570691187027
truck_18,200m_r025_c038__v01,200m_r025_c037__v01,0.199774388866833,0.599323166600499
truck_18,200m_r025_c037__v01,200m_r024_c036__v01,0.282525401745279,0.847576205235836
truck_18,200m_r024_c036__v01,200m_r022_c036__v01,0.399551132711192,1.19865339813358
truck_18,200m_r022_c036__v01,200m_r021_c035__v01,0.282530915031389,0.847592745094168
truck_18,200m_r021_c035__v01,200m_r020_c034__v01,0.282532752540898,0.847598257622693
truck_18,200m_r020_c034__v01,200m_r019_c033__v01,0.282534589922413,0.84760376976724
truck_18,200m_r019_c033__v01,200m_r018_c032__v01,0.282536427175932,0.847609281527795
truck_18,200m_r018_c032__v01,200m_r017_c031__v01,0.282538264304545,0.847614792913634
truck_18,200m_r017_c031__v01,200m_r016_c030__v01,0.282540101305151,0.847620303915453
truck_18,200m_r016_c030__v01,200m_r016_c031__v01,0.199797775107875,0.599393325323625
truck_18,200m_r016_c031__v01,200m_r015_c032__v01,0.282541938178778,0.847625814536333
truck_18,200m_r015_c032__v01,200m_r013_c034__v01,0.565089386442603,1.69526815932781
truck_18,200m_r013_c034__v01,200m_r012_c035__v01,0.282547448037734,0.847642344113203
truck_18,200m_r012_c035__v01,200m_r010_c034__v01,0.446727487040848,1.34018246112255
truck_18,200m_r010_c034__v01,200m_r010_c033__v03,0.19981335709496,0.59944007128488
truck_18,200m_r010_c033__v03,200m_r010_c034__v01,0.19981335709496,0.59944007128488
truck_18,200m_r010_c034__v01,200m_r012_c035__v01,0.446727487040848,1.34018246112255
truck_18,200m_r012_c035__v01,200m_r014_c034__v01,0.4467251640879,1.3401754922637
truck_18,200m_r014_c034__v01,200m_r016_c034__v01,0.399551132711192,1.19865339813358
truck_18,200m_r016_c034__v01,200m_r018_c034__v01,0.399551132711192,1.19865339813358
truck_18,200m_r018_c034__v01,200m_r019_c034__v02,0.199775566355596,0.599326699066788
truck_18,200m_r019_c034__v02,200m_r018_c034__v01,0.199775566355596,0.599326699066788
truck_18,200m_r018_c034__v01,200m_r016_c034__v01,0.399551132711192,1.19865339813358
truck_18,200m_r016_c034__v01,200m_r014_c034__v01,0.399551132711192,1.19865339813358
truck_18,200m_r014_c034__v01,200m_r012_c035__v01,0.4467251640879,1.3401754922637
truck_18,200m_r012_c035__v01,200m_r011_c037__v01,0.446772382451597,1.34031714735479
truck_18,200m_r011_c037__v01,200m_r009_c038__v01,0.446728648403623,1.34018594521087
truck_18,200m_r009_c038__v01,200m_r008_c039__v01,0.282554792738345,0.847664378215034
truck_18,200m_r008_c039__v01,200m_r008_c040__v01,0.199818549517475,0.599455648552424
truck_18,200m_r008_c040__v01,200m_r011_c041__v01,0.631758172588374,1.89527451776512
truck_18,200m_r011_c041__v01,200m_r013_c042__v01,0.446726325602273,1.34017897680682
truck_18,200m_r013_c042__v01,200m_r016_c042__v01,0.599326699066788,1.79798009720036
truck_18,200m_r016_c042__v01,200m_r018_c043__v01,0.446720517272515,1.34016155181755
truck_18,200m_r018_c043__v01,200m_r020_c044__v01,0.44671819340949,1.34015458022847
truck_18,200m_r020_c044__v01,200m_r022_c046__v01,0.565063667546431,1.69519100263929
truck_18,200m_r022_c046__v01,200m_r024_c047__v01,0.446713544776197,1.34014063432859
truck_18,200m_r024_c047__v01,200m_r025_c048__v01,0.282525401744247,0.84757620523274
truck_18,200m_r025_c048__v01,200m_r026_c049__v01,0.282523563729009,0.847570691187027
truck_18,200m_r026_c049__v01,200m_r027_c051__v01,0.446702665054978,1.34010799516493
truck_18,200m_r027_c051__v01,200m_r030_c052__v01,0.631742560879115,1.89522768263735
truck_18,200m_r030_c052__v01,200m_r033_c054__v01,0.720280993452698,2.16084298035809
truck_18,200m_r033_c054__v01,200m_r035_c055__v01,0.446700754783948,1.34010226435185
truck_18,200m_r035_c055__v01,200m_r038_c058__v01,0.847510011284082,2.54253003385225
truck_18,200m_r038_c058__v01,200m_r040_c060__v01,0.564997476115053,1.69499242834516
truck_18,200m_r040_c060__v01,200m_r042_c061__v01,0.446692610927926,1.34007783278378
truck_18,200m_r042_c061__v01,200m_r044_c063__v01,0.564982755741584,1.69494826722475
truck_18,200m_r044_c063__v01,200m_r044_c065__v01,0.399449931322263,1.19834979396679
truck_18,200m_r044_c065__v01,200m_r044_c063__v01,0.399449931322263,1.19834979396679
truck_18,200m_r044_c063__v01,200m_r042_c061__v01,0.564982755741584,1.69494826722475
truck_18,200m_r042_c061__v01,200m_r040_c060__v01,0.446692610927926,1.34007783278378
truck_18,200m_r040_c060__v01,200m_r038_c058__v01,0.564997476115053,1.69499242834516
truck_18,200m_r038_c058__v01,200m_r036_c053__v01,1.07567401210448,3.22702203631343
truck_18,200m_r036_c053__v01,200m_r036_c047__v01,1.19847470415795,3.59542411247385
truck_18,200m_r036_c047__v01,200m_r039_c045__v01,0.720263680231025,2.16079104069308
truck_18,200m_r039_c045__v01,200m_r041_c046__v01,0.446693774563007,1.34008132368902
truck_18,200m_r041_c046__v01,200m_r043_c047__v01,0.446691447217164,1.34007434165149
truck_18,200m_r043_c047__v01,200m_r041_c046__v01,0.446691447217164,1.34007434165149
truck_18,200m_r041_c046__v01,200m_r039_c045__v01,0.446693774563007,1.34008132368902
truck_18,200m_r039_c045__v01,200m_r036_c046__v01,0.631735159245863,1.89520547773759
truck_18,200m_r036_c046__v01,200m_r034_c046__v01,0.399551132711192,1.19865339813358
truck_18,200m_r034_c046__v01,200m_r033_c045__v01,0.282508855029531,0.847526565088592
truck_18,200m_r033_c045__v01,200m_r032_c044__v01,0.28251069406116,0.847532082183481
truck_18,200m_r032_c044__v01,200m_r031_c042__v01,0.446679408955885,1.34003822686766
truck_18,200m_r031_c042__v01,200m_r029_c042__v01,0.399551132711192,1.19865339813358
truck_18,200m_r029_c042__v01,DEPOT,0.399551132711192,1.19865339813358
truck_19,DEPOT,200m_r028_c043__v01,0.282519887315664,0.941732957718879
truck_19,200m_r028_c043__v01,200m_r029_c042__v01,0.282518048918598,0.941726829728661
truck_19,200m_r029_c042__v01,200m_r030_c040__v01,0.446688712413991,1.4889623747133
truck_19,200m_r030_c040__v01,200m_r030_c039__v01,0.199761389634065,0.665871298780216
truck_19,200m_r030_c039__v01,200m_r029_c037__v01,0.446688712413991,1.4889623747133
truck_19,200m_r029_c037__v01,200m_r029_c035__v01,0.399527979739343,1.33175993246447
truck_19,200m_r029_c035__v01,200m_r031_c035__v01,0.399551132711192,1.33183710903731
truck_19,200m_r031_c035__v01,200m_r032_c034__v01,0.282512532965887,0.941708443219622
truck_19,200m_r032_c034__v01,200m_r034_c033__v01,0.446701917889145,1.48900639296382
truck_19,200m_r034_c033__v01,200m_r035_c033__v01,0.199775566355596,0.665918554518654
truck_19,200m_r035_c033__v01,200m_r036_c032__v01,0.282505176584548,0.941683921948494
truck_19,200m_r036_c032__v01,200m_r037_c031__v01,0.282503337173269,0.941677790577563
truck_19,200m_r037_c031__v01,200m_r038_c030__v01,0.282501497634073,0.941671658780245
truck_19,200m_r038_c030__v01,200m_r039_c029__v01,0.282499657967998,0.941665526559995
truck_19,200m_r039_c029__v01,200m_r038_c025__v01,0.8235549491105,2.74518316370167
truck_19,200m_r038_c025__v01,200m_r035_c020__v01,1.16474845177457,3.88249483924857
truck_19,200m_r035_c020__v01,200m_r033_c017__v01,0.720239694597558,2.40079898199186
truck_19,200m_r033_c017__v01,200m_r030_c013__v01,0.998819984463376,3.32939994821125
truck_19,200m_r030_c013__v01,200m_r028_c009__v01,0.893382075935935,2.97794025311978
truck_19,200m_r028_c009__v01,200m_r030_c013__v01,0.893382075935935,2.97794025311978
truck_19,200m_r030_c013__v01,200m_r030_c016__v01,0.599284168872728,1.99761389624243
truck_19,200m_r030_c016__v01,200m_r029_c018__v01,0.446688712412686,1.48896237470895
truck_19,200m_r029_c018__v01,200m_r028_c020__v01,0.446693363633521,1.4889778787784
truck_19,200m_r028_c020__v01,200m_r026_c022__v01,0.5650416128738,1.88347204291267
truck_19,200m_r026_c022__v01,200m_r026_c024__v01,0.399543578818386,1.33181192939462
truck_19,200m_r026_c024__v01,200m_r026_c026__v01,0.399543578816927,1.33181192938976
truck_19,200m_r026_c026__v01,200m_r027_c030__v01,0.823676060730097,2.74558686910032
truck_19,200m_r027_c030__v01,200m_r029_c034__v01,0.893391378037059,2.97797126012353
truck_19,200m_r029_c034__v01,200m_r029_c035__v01,0.199763989874631,0.66587996624877
truck_19,200m_r029_c035__v01,200m_r029_c037__v01,0.399527979739343,1.33175993246447
truck_19,200m_r029_c037__v01,200m_r030_c039__v01,0.446688712413991,1.4889623747133
truck_19,200m_r030_c039__v01,200m_r030_c040__v01,0.199761389634065,0.665871298780216
truck_19,200m_r030_c040__v01,200m_r031_c042__v01,0.446684060855212,1.48894686951737
truck_19,200m_r031_c042__v01,200m_r032_c044__v01,0.446679408955885,1.48893136318628
truck_19,200m_r032_c044__v01,200m_r032_c045__v02,0.199756188568061,0.665853961893538
truck_19,200m_r032_c045__v02,200m_r033_c045__v01,0.199775566355596,0.665918554518654
truck_19,200m_r033_c045__v01,200m_r034_c046__v01,0.282508855029531,0.941696183431768
truck_19,200m_r034_c046__v01,200m_r036_c045__v01,0.446699591603042,1.48899863867681
truck_19,200m_r036_c045__v01,200m_r034_c046__v01,0.446699591603042,1.48899863867681
truck_19,200m_r034_c046__v01,200m_r033_c045__v01,0.282508855029531,0.941696183431768
truck_19,200m_r033_c045__v01,200m_r032_c045__v01,0.199775566355596,0.665918554518654
truck_19,200m_r032_c045__v01,200m_r032_c044__v01,0.199756188568061,0.665853961893538
truck_19,200m_r032_c044__v01,200m_r031_c042__v01,0.446679408955885,1.48893136318628
truck_19,200m_r031_c042__v01,200m_r029_c042__v01,0.399551132711192,1.33183710903731
truck_19,200m_r029_c042__v01,DEPOT,0.399551132711192,1.33183710903731
truck_20,DEPOT,200m_r029_c042__v01,0.399551132711192,1.33183710903731
truck_20,200m_r029_c042__v01,200m_r031_c042__v01,0.399551132711192,1.33183710903731
truck_20,200m_r031_c042__v01,200m_r032_c044__v01,0.446679408955885,1.48893136318628
truck_20,200m_r032_c044__v01,200m_r033_c045__v01,0.28251069406116,0.941702313537201
truck_20,200m_r033_c045__v01,200m_r034_c046__v01,0.282508855029531,0.941696183431768
truck_20,200m_r034_c046__v01,200m_r037_c047__v01,0.631736804420602,2.10578934806867
truck_20,200m_r037_c047__v01,200m_r039_c044__v01,0.720213720685642,2.40071240228548
truck_20,200m_r039_c044__v01,200m_r038_c043__v01,0.282499657966967,0.941665526556556
truck_20,200m_r038_c043__v01,200m_r039_c040__v01,0.631642537695272,2.10547512565091
truck_20,200m_r039_c040__v01,200m_r038_c037__v01,0.631642537693888,2.10547512564629
truck_20,200m_r038_c037__v01,200m_r038_c034__v01,0.599221741920239,1.9974058064008
truck_20,200m_r038_c034__v01,200m_r037_c032__v01,0.446651490444112,1.48883830148037
truck_20,200m_r037_c032__v01,200m_r037_c031__v01,0.199743182462234,0.665810608207447
truck_20,200m_r037_c031__v01,200m_r037_c032__v01,0.199743182462234,0.665810608207447
truck_20,200m_r037_c032__v01,200m_r038_c034__v01,0.446651490444112,1.48883830148037
truck_20,200m_r038_c034__v01,200m_r038_c037__v01,0.599221741920239,1.9974058064008
truck_20,200m_r038_c037__v01,200m_r041_c037__v01,0.599326699066788,1.99775566355596
truck_20,200m_r041_c037__v01,200m_r042_c038__v01,0.282494138208544,0.941647127361812
truck_20,200m_r042_c038__v01,200m_r044_c040__v01,0.564982755741584,1.88327585247195
truck_20,200m_r044_c040__v01,200m_r045_c041__v01,0.282488617307344,0.941628724357813
truck_20,200m_r045_c041__v01,200m_r044_c043__v01,0.446618903415417,1.48872967805139
truck_20,200m_r044_c043__v01,200m_r043_c044__v01,0.282490457733565,0.941634859111883
truck_20,200m_r043_c044__v01,200m_r041_c045__v01,0.446691447217164,1.48897149072388
truck_20,200m_r041_c045__v01,200m_r039_c045__v01,0.399551132711192,1.33183710903731
truck_20,200m_r039_c045__v01,200m_r036_c046__v01,0.631735159245863,2.10578386415288
truck_20,200m_r036_c046__v01,200m_r034_c046__v01,0.399551132711192,1.33183710903731
truck_20,200m_r034_c046__v01,200m_r032_c046__v01,0.399551132711192,1.33183710903731
truck_20,200m_r032_c046__v01,200m_r030_c048__v01,0.56502690468163,1.88342301560543
truck_20,200m_r030_c048__v01,200m_r030_c049__v01,0.199761389635524,0.665871298785081
truck_20,200m_r030_c049__v01,200m_r030_c052__v01,0.599284168871269,1.99761389623756
truck_20,200m_r030_c052__v01,200m_r029_c053__v01,0.28251621039461,0.941720701315368
truck_20,200m_r029_c053__v01,200m_r027_c051__v01,0.565037936206313,1.88345978735438
truck_20,200m_r027_c051__v01,200m_r026_c049__v01,0.446702665054978,1.48900888351659
truck_20,200m_r026_c049__v01,200m_r025_c048__v01,0.282523563729009,0.94174521243003
truck_20,200m_r025_c048__v01,200m_r024_c047__v01,0.282525401744247,0.941751339147489
truck_20,200m_r024_c047__v01,200m_r025_c047__v01,0.199775566355596,0.665918554518654
truck_20,200m_r025_c047__v01,200m_r027_c047__v01,0.399551132711587,1.33183710903862
truck_20,200m_r027_c047__v01,200m_r028_c045__v01,0.446698014513793,1.48899338171264
truck_20,200m_r028_c045__v01,200m_r027_c043__v01,0.446698014512488,1.48899338170829
truck_20,200m_r027_c043__v01,DEPOT,0.199769189763582,0.66589729921194
truck_20,DEPOT,200m_r026_c040__v01,0.446702665054978,1.48900888351659
truck_20,200m_r026_c040__v01,200m_r026_c039__v01,0.199771789411962,0.66590596470654
truck_20,200m_r026_c039__v01,200m_r025_c038__v01,0.282523563729009,0.94174521243003
truck_20,200m_r025_c038__v01,200m_r024_c037__v01,0.282525401745279,0.941751339150929
truck_20,200m_r024_c037__v01,200m_r023_c038__v01,0.282527239634607,0.941757465448691
truck_20,200m_r023_c038__v01,200m_r022_c038__v01,0.199775566355596,0.665918554518654
truck_20,200m_r022_c038__v01,200m_r020_c038__v01,0.399551132711192,1.33183710903731
truck_20,200m_r020_c038__v01,200m_r019_c039__v01,0.282534589922413,0.941781966408044
truck_20,200m_r019_c039__v01,200m_r020_c038__v01,0.282534589922413,0.941781966408044
truck_20,200m_r020_c038__v01,200m_r022_c038__v01,0.399551132711192,1.33183710903731
truck_20,200m_r022_c038__v01,200m_r024_c038__v01,0.399551132711192,1.33183710903731
truck_20,200m_r024_c038__v01,200m_r025_c039__v01,0.282525401745279,0.941751339150929
truck_20,200m_r025_c039__v01,200m_r026_c040__v01,0.282523563727977,0.941745212426589
truck_20,200m_r026_c040__v01,DEPOT,0.446702665054978,1.48900888351659
