vehicle_id,from_grid_id,to_grid_id,distance_km,travel_time_min
truck_01,DEPOT,200m_r027_c045__v01,0.599307569255456,1.63447518887852
truck_01,200m_r027_c045__v01,200m_r027_c047__v01,0.399538379518707,1.08965012596011
truck_01,200m_r027_c047__v01,200m_r026_c045__v01,0.446702665054978,1.21827999560449
truck_01,200m_r026_c045__v01,200m_r027_c047__v01,0.446702665054978,1.21827999560449
truck_01,200m_r027_c047__v01,200m_r027_c050__v01,0.599307569255456,1.63447518887852
truck_01,200m_r027_c050__v01,200m_r026_c052__v01,0.446702665053672,1.21827999560092
truck_01,200m_r026_c052__v01,200m_r026_c054__v01,0.399543578818386,1.08966430586833
truck_01,200m_r026_c054__v01,200m_r027_c056__v01,0.446702665053672,1.21827999560092
truck_01,200m_r027_c056__v01,200m_r027_c057__v01,0.199769189763582,0.544825062991588
truck_01,200m_r027_c057__v01,200m_r027_c059__v01,0.399538379517247,1.08965012595613
truck_01,200m_r027_c059__v01,200m_r027_c060__v01,0.199769189763582,0.544825062991588
truck_01,200m_r027_c060__v01,200m_r027_c062__v01,0.399538379518707,1.08965012596011
truck_01,200m_r027_c062__v01,200m_r028_c064__v01,0.446698014512488,1.21826731230679
truck_01,200m_r028_c064__v01,200m_r028_c066__v01,0.399533179826177,1.08963594498048
truck_01,200m_r028_c066__v01,200m_r026_c066__v01,0.399551132711587,1.08968490739524
truck_01,200m_r026_c066__v01,200m_r025_c068__v01,0.446707315255231,1.21829267796881
truck_01,200m_r025_c068__v01,200m_r027_c068__v01,0.399551132711587,1.08968490739524
truck_01,200m_r027_c068__v01,200m_r028_c067__v01,0.282519887315664,0.770508783588174
truck_01,200m_r028_c067__v01,200m_r029_c067__v01,0.199775566355596,0.54484245369708
truck_01,200m_r029_c067__v01,200m_r031_c066__v01,0.446705406749783,1.21828747295395
truck_01,200m_r031_c066__v01,200m_r029_c066__v01,0.399551132711192,1.08968490739416
truck_01,200m_r029_c066__v01,200m_r029_c065__v01,0.199763989874631,0.544810881476266
truck_01,200m_r029_c065__v01,200m_r028_c064__v01,0.282518048918598,0.770503769777995
truck_01,200m_r028_c064__v01,200m_r027_c062__v01,0.446698014512488,1.21826731230679
truck_01,200m_r027_c062__v01,200m_r027_c061__v01,0.199769189763582,0.544825062991588
truck_01,200m_r027_c061__v01,200m_r027_c060__v01,0.199769189763582,0.544825062991588
truck_01,200m_r027_c060__v01,200m_r028_c059__v01,0.282519887315664,0.770508783588174
truck_01,200m_r028_c059__v01,200m_r028_c058__v01,0.199766589915858,0.544817972497795
truck_01,200m_r028_c058__v01,200m_r028_c056__v01,0.399533179826177,1.08963594498048
truck_01,200m_r028_c056__v01,200m_r028_c055__v01,0.199766589915858,0.544817972497795
truck_01,200m_r028_c055__v01,200m_r029_c054__v01,0.282518048918598,0.770503769777995
truck_01,200m_r029_c054__v01,200m_r031_c052__v01,0.56503058211139,1.54099249666743
truck_01,200m_r031_c052__v01,200m_r030_c052__v01,0.199775566355596,0.54484245369708
truck_01,200m_r030_c052__v01,200m_r030_c049__v01,0.599284168871269,1.63441136964892
truck_01,200m_r030_c049__v01,200m_r032_c047__v01,0.56502690468163,1.54098246731354
truck_01,200m_r032_c047__v01,200m_r032_c045__v01,0.399512377127659,1.08957921034816
truck_01,200m_r032_c045__v01,200m_r032_c043__v01,0.3995123771262,1.08957921034418
truck_01,200m_r032_c043__v01,200m_r031_c041__v01,0.446679408957191,1.21821656988325
truck_01,200m_r031_c041__v01,200m_r030_c039__v01,0.446684060853906,1.21822925687429
truck_01,200m_r030_c039__v01,200m_r029_c038__v01,0.28251621039461,0.770498755621665
truck_01,200m_r029_c038__v01,200m_r027_c037__v01,0.446707732279341,1.21829381530729
truck_01,200m_r027_c037__v01,200m_r026_c037__v01,0.199775566355991,0.544842453698158
truck_01,200m_r026_c037__v01,200m_r025_c037__v01,0.199775566355596,0.54484245369708
truck_01,200m_r025_c037__v01,200m_r023_c035__v01,0.565052641351954,1.5410526582326
truck_01,200m_r023_c035__v01,200m_r021_c034__v01,0.446714707048324,1.21831283740452
truck_01,200m_r021_c034__v01,200m_r019_c034__v01,0.399551132711192,1.08968490739416
truck_01,200m_r019_c034__v01,200m_r017_c035__v01,0.446719355379216,1.21832551467059
truck_01,200m_r017_c035__v01,200m_r016_c035__v01,0.199775566355596,0.54484245369708
truck_01,200m_r016_c035__v01,200m_r014_c034__v01,0.446722840831778,1.2183350204503
truck_01,200m_r014_c034__v01,200m_r013_c033__v01,0.282545611545074,0.770578940577475
truck_01,200m_r013_c033__v01,200m_r011_c033__v01,0.399551132711192,1.08968490739416
truck_01,200m_r011_c033__v01,200m_r009_c033__v01,0.399551132711192,1.08968490739416
truck_01,200m_r009_c033__v01,200m_r011_c033__v01,0.399551132711192,1.08968490739416
truck_01,200m_r011_c033__v01,200m_r013_c033__v01,0.399551132711192,1.08968490739416
truck_01,200m_r013_c033__v01,200m_r014_c034__v01,0.282545611545074,0.770578940577475
truck_01,200m_r014_c034__v01,200m_r016_c035__v01,0.446722840831778,1.2183350204503
truck_01,200m_r016_c035__v01,200m_r018_c035__v01,0.399551132711192,1.08968490739416
truck_01,200m_r018_c035__v01,200m_r019_c035__v01,0.199775566355596,0.54484245369708
truck_01,200m_r019_c035__v01,200m_r021_c035__v01,0.399551132711192,1.08968490739416
truck_01,200m_r021_c035__v01,200m_r023_c035__v01,0.399551132711192,1.08968490739416
truck_01,200m_r023_c035__v01,200m_r024_c037__v01,0.446716614640853,1.2183180399296
truck_01,200m_r024_c037__v01,200m_r024_c038__v01,0.199776988123815,0.544846331246767
truck_01,200m_r024_c038__v01,200m_r024_c039__v01,0.199776988123815,0.544846331246767
truck_01,200m_r024_c039__v01,200m_r025_c039__v01,0.199775566355596,0.54484245369708
truck_01,200m_r025_c039__v01,200m_r026_c040__v01,0.282523563727977,0.770518810167209
truck_01,200m_r026_c040__v01,DEPOT,0.446702665054978,1.21827999560449
truck_02,DEPOT,200m_r027_c045__v01,0.599307569255456,1.63447518887852
truck_02,200m_r027_c045__v01,200m_r027_c047__v01,0.399538379518707,1.08965012596011
truck_02,200m_r027_c047__v01,200m_r030_c047__v01,0.599326699066788,1.63452736109124
truck_02,200m_r030_c047__v01,200m_r030_c049__v01,0.399522779261128,1.08960757980308
truck_02,200m_r030_c049__v01,200m_r030_c052__v01,0.599284168871269,1.63441136964892
truck_02,200m_r030_c052__v01,200m_r029_c053__v01,0.28251621039461,0.770498755621665
truck_02,200m_r029_c053__v01,200m_r030_c052__v01,0.28251621039461,0.770498755621665
truck_02,200m_r030_c052__v01,200m_r030_c049__v01,0.599284168871269,1.63441136964892
truck_02,200m_r030_c049__v01,200m_r030_c047__v01,0.399522779261128,1.08960757980308
truck_02,200m_r030_c047__v01,200m_r027_c047__v01,0.599326699066788,1.63452736109124
truck_02,200m_r027_c047__v01,200m_r027_c045__v01,0.399538379518707,1.08965012596011
truck_02,200m_r027_c045__v01,200m_r025_c044__v01,0.446710057505665,1.21830015683363
truck_02,200m_r025_c044__v01,200m_r024_c042__v01,0.446711965117686,1.21830535941187
truck_02,200m_r024_c042__v01,200m_r024_c040__v01,0.399553976239175,1.08969266247048
truck_02,200m_r024_c040__v01,200m_r024_c039__v01,0.199776988122355,0.544846331242786
truck_02,200m_r024_c039__v01,200m_r023_c038__v01,0.282527239634607,0.770528835367111
truck_02,200m_r023_c038__v01,200m_r020_c038__v01,0.599326699066788,1.63452736109124
truck_02,200m_r020_c038__v01,200m_r018_c037__v01,0.446718193410143,1.21832234566403
truck_02,200m_r018_c037__v01,200m_r017_c035__v01,0.446744504654377,1.21839410360285
truck_02,200m_r017_c035__v01,200m_r016_c035__v01,0.199775566355596,0.54484245369708
truck_02,200m_r016_c035__v01,200m_r014_c034__v01,0.446722840831778,1.2183350204503
truck_02,200m_r014_c034__v01,200m_r013_c033__v01,0.282545611545074,0.770578940577475
truck_02,200m_r013_c033__v01,200m_r011_c033__v01,0.399551132711192,1.08968490739416
truck_02,200m_r011_c033__v01,200m_r010_c033__v01,0.199775566355596,0.54484245369708
truck_02,200m_r010_c033__v01,200m_r011_c033__v01,0.199775566355596,0.54484245369708
truck_02,200m_r011_c033__v01,200m_r013_c033__v01,0.399551132711192,1.08968490739416
truck_02,200m_r013_c033__v01,200m_r014_c034__v01,0.282545611545074,0.770578940577475
truck_02,200m_r014_c034__v01,200m_r016_c035__v01,0.446722840831778,1.2183350204503
truck_02,200m_r016_c035__v01,200m_r017_c035__v01,0.199775566355596,0.54484245369708
truck_02,200m_r017_c035__v01,200m_r018_c037__v01,0.446744504654377,1.21839410360285
truck_02,200m_r018_c037__v01,200m_r018_c038__v01,0.199792579540528,0.544888853292348
truck_02,200m_r018_c038__v01,200m_r018_c035__v01,0.599377738586335,1.63466655978091
truck_02,200m_r018_c035__v01,200m_r018_c034__v01,0.199792579540528,0.544888853292348
truck_02,200m_r018_c034__v01,200m_r018_c035__v01,0.199792579540528,0.544888853292348
truck_02,200m_r018_c035__v01,200m_r018_c037__v01,0.399585159071149,1.08977770655768
truck_02,200m_r018_c037__v01,200m_r020_c038__v01,0.446718193410143,1.21832234566403
truck_02,200m_r020_c038__v01,200m_r019_c039__v01,0.282534589922413,0.770548881606582
truck_02,200m_r019_c039__v01,200m_r018_c042__v01,0.631790533953671,1.72306509260092
truck_02,200m_r018_c042__v01,200m_r020_c043__v01,0.446718193410143,1.21832234566403
truck_02,200m_r020_c043__v01,200m_r021_c043__v01,0.199775566355596,0.54484245369708
truck_02,200m_r021_c043__v01,200m_r019_c043__v01,0.399551132711192,1.08968490739416
truck_02,200m_r019_c043__v01,200m_r018_c043__v01,0.199775566355596,0.54484245369708
truck_02,200m_r018_c043__v01,200m_r020_c044__v01,0.44671819340949,1.21832234566225
truck_02,200m_r020_c044__v01,200m_r021_c045__v01,0.282532752540898,0.770543870566085
truck_02,200m_r021_c045__v01,200m_r022_c045__v01,0.199775566355596,0.54484245369708
truck_02,200m_r022_c045__v01,200m_r024_c047__v01,0.565056317004701,1.54106268274009
truck_02,200m_r024_c047__v01,200m_r022_c045__v01,0.565056317004701,1.54106268274009
truck_02,200m_r022_c045__v01,200m_r021_c045__v01,0.199775566355596,0.54484245369708
truck_02,200m_r021_c045__v01,200m_r022_c044__v01,0.282530915032422,0.770538859179332
truck_02,200m_r022_c044__v01,200m_r023_c044__v01,0.199775566355596,0.54484245369708
truck_02,200m_r023_c044__v01,200m_r024_c043__v01,0.282527239633575,0.770528835364296
truck_02,200m_r024_c043__v01,200m_r025_c044__v01,0.282525401744247,0.770523822938855
truck_02,200m_r025_c044__v01,DEPOT,0.56504528928715,1.54103260714677
truck_03,DEPOT,200m_r026_c040__v01,0.446702665054978,1.21827999560449
truck_03,200m_r026_c040__v01,200m_r025_c038__v01,0.446707315255231,1.21829267796881
truck_03,200m_r025_c038__v01,200m_r024_c037__v01,0.282525401745279,0.770523822941669
truck_03,200m_r024_c037__v01,200m_r023_c035__v01,0.446716614640853,1.2183180399296
truck_03,200m_r023_c035__v01,200m_r024_c037__v01,0.446716614640853,1.2183180399296
truck_03,200m_r024_c037__v01,200m_r025_c038__v01,0.282525401745279,0.770523822941669
truck_03,200m_r025_c038__v01,200m_r026_c039__v01,0.282523563729009,0.770518810170024
truck_03,200m_r026_c039__v01,200m_r025_c038__v01,0.282523563729009,0.770518810170024
truck_03,200m_r025_c038__v01,200m_r024_c037__v01,0.282525401745279,0.770523822941669
truck_03,200m_r024_c037__v01,200m_r023_c035__v01,0.446716614640853,1.2183180399296
truck_03,200m_r023_c035__v01,200m_r021_c034__v01,0.446714707048324,1.21831283740452
truck_03,200m_r021_c034__v01,200m_r019_c033__v01,0.446717031365301,1.21831917645082
truck_03,200m_r019_c033__v01,200m_r017_c032__v01,0.446719355378563,1.21832551466881
truck_03,200m_r017_c032__v01,200m_r019_c033__v01,0.446719355378563,1.21832551466881
truck_03,200m_r019_c033__v01,200m_r021_c034__v01,0.446717031365301,1.21831917645082
truck_03,200m_r021_c034__v01,200m_r023_c035__v01,0.446714707048324,1.21831283740452
truck_03,200m_r023_c035__v01,200m_r024_c037__v01,0.446716614640853,1.2183180399296
truck_03,200m_r024_c037__v01,200m_r024_c038__v01,0.199776988123815,0.544846331246767
truck_03,200m_r024_c038__v01,200m_r024_c037__v01,0.199776988123815,0.544846331246767
truck_03,200m_r024_c037__v01,200m_r023_c035__v01,0.446716614640853,1.2183180399296
truck_03,200m_r023_c035__v01,200m_r020_c035__v01,0.599326699066788,1.63452736109124
truck_03,200m_r020_c035__v01,200m_r023_c035__v01,0.599326699066788,1.63452736109124
truck_03,200m_r023_c035__v01,200m_r025_c037__v01,0.565052641351954,1.5410526582326
truck_03,200m_r025_c037__v01,200m_r027_c037__v01,0.399551132711587,1.08968490739524
truck_03,200m_r027_c037__v01,200m_r029_c038__v01,0.446707732279341,1.21829381530729
truck_03,200m_r029_c038__v01,200m_r031_c037__v01,0.446705406750435,1.21828747295573
truck_03,200m_r031_c037__v01,200m_r032_c036__v01,0.282512532965887,0.7704887262706
truck_03,200m_r032_c036__v01,200m_r034_c035__v01,0.446701917888492,1.21827795787771
truck_03,200m_r034_c035__v01,200m_r036_c036__v01,0.44669959160239,1.21827161346106
truck_03,200m_r036_c036__v01,200m_r034_c034__v01,0.565012192428605,1.5409423429871
truck_03,200m_r034_c034__v01,200m_r032_c036__v01,0.565019549062721,1.54096240653469
truck_03,200m_r032_c036__v01,200m_r031_c037__v01,0.282512532965887,0.7704887262706
truck_03,200m_r031_c037__v01,200m_r029_c038__v01,0.446705406750435,1.21828747295573
truck_03,200m_r029_c038__v01,200m_r031_c037__v01,0.446705406750435,1.21828747295573
truck_03,200m_r031_c037__v01,200m_r032_c036__v01,0.282512532965887,0.7704887262706
truck_03,200m_r032_c036__v01,200m_r032_c034__v01,0.3995123771262,1.08957921034418
truck_03,200m_r032_c034__v01,200m_r033_c031__v01,0.631686959645635,1.72278261721537
truck_03,200m_r033_c031__v01,200m_r034_c030__v01,0.282508855029531,0.770478695535083
truck_03,200m_r034_c030__v01,200m_r035_c027__v01,0.631672154525683,1.7227422396155
truck_03,200m_r035_c027__v01,200m_r037_c026__v01,0.446698428346431,1.21826844094481
truck_03,200m_r037_c026__v01,200m_r038_c029__v01,0.631649942725799,1.72268166197945
truck_03,200m_r038_c029__v01,200m_r038_c030__v01,0.19974058065186,0.544747038141437
truck_03,200m_r038_c030__v01,200m_r037_c033__v01,0.631649942725799,1.72268166197945
truck_03,200m_r037_c033__v01,200m_r036_c034__v01,0.282503337173269,0.770463646836188
truck_03,200m_r036_c034__v01,200m_r034_c035__v01,0.446699591603042,1.21827161346284
truck_03,200m_r034_c035__v01,200m_r032_c036__v01,0.446701917888492,1.21827795787771
truck_03,200m_r032_c036__v01,200m_r031_c038__v01,0.446679408957191,1.21821656988325
truck_03,200m_r031_c038__v01,200m_r030_c039__v01,0.282514371743705,0.770493741119195
truck_03,200m_r030_c039__v01,200m_r031_c038__v01,0.282514371743705,0.770493741119195
truck_03,200m_r031_c038__v01,200m_r032_c036__v01,0.446679408957191,1.21821656988325
truck_03,200m_r032_c036__v01,200m_r032_c034__v01,0.3995123771262,1.08957921034418
truck_03,200m_r032_c034__v01,200m_r030_c033__v01,0.446704243872392,1.21828430147016
truck_03,200m_r030_c033__v01,200m_r032_c034__v01,0.446704243872392,1.21828430147016
truck_03,200m_r032_c034__v01,200m_r032_c036__v01,0.3995123771262,1.08957921034418
truck_03,200m_r032_c036__v01,200m_r031_c037__v01,0.282512532965887,0.7704887262706
truck_03,200m_r031_c037__v01,200m_r029_c038__v01,0.446705406750435,1.21828747295573
truck_03,200m_r029_c038__v01,200m_r027_c037__v01,0.446707732279341,1.21829381530729
truck_03,200m_r027_c037__v01,200m_r026_c039__v01,0.446702665054978,1.21827999560449
truck_03,200m_r026_c039__v01,200m_r026_c040__v01,0.199771789411962,0.544832152941714
truck_03,200m_r026_c040__v01,DEPOT,0.446702665054978,1.21827999560449
truck_04,DEPOT,200m_r026_c044__v01,0.446702665053672,1.21827999560092
truck_04,200m_r026_c044__v01,200m_r025_c046__v01,0.446707315256536,1.21829267797237
truck_04,200m_r025_c046__v01,200m_r025_c048__v01,0.399548777723751,1.08967848470114
truck_04,200m_r025_c048__v01,200m_r024_c050__v01,0.446711965118991,1.21830535941543
truck_04,200m_r024_c050__v01,200m_r023_c051__v01,0.282527239634607,0.770528835367111
truck_04,200m_r023_c051__v01,200m_r023_c052__v01,0.199779587182904,0.544853419589738
truck_04,200m_r023_c052__v01,200m_r024_c053__v01,0.282527239634607,0.770528835367111
truck_04,200m_r024_c053__v01,200m_r024_c054__v01,0.199776988123815,0.544846331246767
truck_04,200m_r024_c054__v01,200m_r026_c054__v01,0.399551132711192,1.08968490739416
truck_04,200m_r026_c054__v01,200m_r028_c054__v01,0.399551132711587,1.08968490739524
truck_04,200m_r028_c054__v01,200m_r030_c054__v01,0.399551132711192,1.08968490739416
truck_04,200m_r030_c054__v01,200m_r032_c054__v01,0.399551132711192,1.08968490739416
truck_04,200m_r032_c054__v01,200m_r034_c055__v01,0.446701917889145,1.21827795787949
truck_04,200m_r034_c055__v01,200m_r035_c057__v01,0.446665451226448,1.21817850334486
truck_04,200m_r035_c057__v01,200m_r038_c058__v01,0.631735981859461,1.72291631416217
truck_04,200m_r038_c058__v01,200m_r039_c058__v01,0.199775566355596,0.54484245369708
truck_04,200m_r039_c058__v01,200m_r041_c061__v01,0.72020073094338,1.96418381166376
truck_04,200m_r041_c061__v01,200m_r039_c058__v01,0.72020073094338,1.96418381166376
truck_04,200m_r039_c058__v01,200m_r038_c058__v01,0.199775566355596,0.54484245369708
truck_04,200m_r038_c058__v01,200m_r035_c057__v01,0.631735981859461,1.72291631416217
truck_04,200m_r035_c057__v01,200m_r034_c055__v01,0.446665451226448,1.21817850334486
truck_04,200m_r034_c055__v01,200m_r032_c055__v01,0.399551132711192,1.08968490739416
truck_04,200m_r032_c055__v01,200m_r030_c055__v01,0.399551132711192,1.08968490739416
truck_04,200m_r030_c055__v01,200m_r028_c055__v01,0.399551132711192,1.08968490739416
truck_04,200m_r028_c055__v01,200m_r028_c056__v01,0.199766589915858,0.544817972497795
truck_04,200m_r028_c056__v01,200m_r028_c058__v01,0.399533179826177,1.08963594498048
truck_04,200m_r028_c058__v01,200m_r028_c059__v01,0.199766589915858,0.544817972497795
truck_04,200m_r028_c059__v01,200m_r027_c060__v01,0.282519887315664,0.770508783588174
truck_04,200m_r027_c060__v01,200m_r027_c062__v01,0.399538379518707,1.08965012596011
truck_04,200m_r027_c062__v01,200m_r028_c064__v01,0.446698014512488,1.21826731230679
truck_04,200m_r028_c064__v01,200m_r028_c066__v01,0.399533179826177,1.08963594498048
truck_04,200m_r028_c066__v01,200m_r028_c067__v01,0.199766589915858,0.544817972497795
truck_04,200m_r028_c067__v01,200m_r028_c069__v01,0.399533179826177,1.08963594498048
truck_04,200m_r028_c069__v01,200m_r027_c070__v01,0.282519887315664,0.770508783588174
truck_04,200m_r027_c070__v01,200m_r025_c071__v01,0.446710057505013,1.21830015683185
truck_04,200m_r025_c071__v01,200m_r024_c073__v01,0.446711965118991,1.21830535941543
truck_04,200m_r024_c073__v01,200m_r025_c071__v01,0.446711965118991,1.21830535941543
truck_04,200m_r025_c071__v01,200m_r027_c070__v01,0.446710057505013,1.21830015683185
truck_04,200m_r027_c070__v01,200m_r028_c069__v01,0.282519887315664,0.770508783588174
truck_04,200m_r028_c069__v01,200m_r028_c067__v01,0.399533179826177,1.08963594498048
truck_04,200m_r028_c067__v01,200m_r028_c066__v01,0.199766589915858,0.544817972497795
truck_04,200m_r028_c066__v01,200m_r028_c064__v01,0.399533179826177,1.08963594498048
truck_04,200m_r028_c064__v01,200m_r027_c062__v01,0.446698014512488,1.21826731230679
truck_04,200m_r027_c062__v01,200m_r027_c060__v01,0.399538379518707,1.08965012596011
truck_04,200m_r027_c060__v01,200m_r028_c059__v01,0.282519887315664,0.770508783588174
truck_04,200m_r028_c059__v01,200m_r028_c058__v01,0.199766589915858,0.544817972497795
truck_04,200m_r028_c058__v01,200m_r028_c056__v01,0.399533179826177,1.08963594498048
truck_04,200m_r028_c056__v01,200m_r028_c054__v01,0.399533179824717,1.0896359449765
truck_04,200m_r028_c054__v01,200m_r028_c053__v01,0.199766589917318,0.544817972501776
truck_04,200m_r028_c053__v01,200m_r027_c054__v01,0.282519887315664,0.770508783588174
truck_04,200m_r027_c054__v01,200m_r026_c054__v01,0.199775566355991,0.544842453698158
truck_04,200m_r026_c054__v01,200m_r024_c054__v01,0.399551132711192,1.08968490739416
truck_04,200m_r024_c054__v01,200m_r024_c053__v01,0.199776988123815,0.544846331246767
truck_04,200m_r024_c053__v01,200m_r025_c052__v01,0.282525401745279,0.770523822941669
truck_04,200m_r025_c052__v01,200m_r026_c051__v01,0.282523563727977,0.770518810167209
truck_04,200m_r026_c051__v01,200m_r027_c050__v01,0.282521725586082,0.77051379705295
truck_04,200m_r027_c050__v01,200m_r027_c047__v01,0.599307569255456,1.63447518887852
truck_04,200m_r027_c047__v01,200m_r027_c045__v01,0.399538379518707,1.08965012596011
truck_04,200m_r027_c045__v01,200m_r027_c043__v01,0.399538379517247,1.08965012595613
truck_04,200m_r027_c043__v01,200m_r029_c042__v01,0.446707732279341,1.21829381530729
truck_04,200m_r029_c042__v01,200m_r030_c042__v01,0.199775566355596,0.54484245369708
truck_04,200m_r030_c042__v01,200m_r032_c043__v01,0.446704243872392,1.21828430147016
truck_04,200m_r032_c043__v01,200m_r030_c042__v01,0.446704243872392,1.21828430147016
truck_04,200m_r030_c042__v01,200m_r031_c041__v01,0.282514371743705,0.770493741119195
truck_04,200m_r031_c041__v01,200m_r032_c040__v01,0.282512532965887,0.7704887262706
truck_04,200m_r032_c040__v01,200m_r032_c038__v01,0.3995123771262,1.08957921034418
truck_04,200m_r032_c038__v01,200m_r032_c036__v01,0.399512377127659,1.08957921034816
truck_04,200m_r032_c036__v01,200m_r032_c034__v01,0.3995123771262,1.08957921034418
truck_04,200m_r032_c034__v01,200m_r033_c031__v01,0.631686959645635,1.72278261721537
truck_04,200m_r033_c031__v01,200m_r031_c033__v01,0.565023226999081,1.54097243727022
truck_04,200m_r031_c033__v01,200m_r032_c034__v01,0.282512532965887,0.7704887262706
truck_04,200m_r032_c034__v01,200m_r032_c036__v01,0.3995123771262,1.08957921034418
truck_04,200m_r032_c036__v01,200m_r031_c038__v01,0.446679408957191,1.21821656988325
truck_04,200m_r031_c038__v01,200m_r030_c039__v01,0.282514371743705,0.770493741119195
truck_04,200m_r030_c039__v01,200m_r029_c041__v01,0.446688712412686,1.21824194294369
truck_04,200m_r029_c041__v01,DEPOT,0.446707732279341,1.21829381530729
truck_05,DEPOT,200m_r029_c042__v01,0.399551132711192,1.08968490739416
truck_05,200m_r029_c042__v01,200m_r030_c043__v01,0.28251621039461,0.770498755621665
truck_05,200m_r030_c043__v01,200m_r032_c045__v01,0.56502690468163,1.54098246731354
truck_05,200m_r032_c045__v01,200m_r033_c045__v01,0.199775566355596,0.54484245369708
truck_05,200m_r033_c045__v01,200m_r036_c045__v01,0.599326699066788,1.63452736109124
truck_05,200m_r036_c045__v01,200m_r039_c045__v01,0.599326699066788,1.63452736109124
truck_05,200m_r039_c045__v01,200m_r041_c046__v01,0.446693774563007,1.2182557488082
truck_05,200m_r041_c046__v01,200m_r045_c046__v01,0.799102265422384,2.17936981478832
truck_05,200m_r045_c046__v01,200m_r041_c046__v01,0.799102265422384,2.17936981478832
truck_05,200m_r041_c046__v01,200m_r039_c045__v01,0.446693774563007,1.2182557488082
truck_05,200m_r039_c045__v01,200m_r037_c047__v01,0.565001155575114,1.54091224247758
truck_05,200m_r037_c047__v01,200m_r036_c051__v01,0.823575141924763,2.24611402343117
truck_05,200m_r036_c051__v01,200m_r035_c055__v01,0.823585237200297,2.24614155600081
truck_05,200m_r035_c055__v01,200m_r035_c057__v01,0.399496770977636,1.08953664812083
truck_05,200m_r035_c057__v01,200m_r035_c060__v01,0.599245156446017,1.6343049721255
truck_05,200m_r035_c060__v01,200m_r036_c062__v01,0.446660797972842,1.21816581265321
truck_05,200m_r036_c062__v01,200m_r037_c064__v01,0.446656144377423,1.21815312102933
truck_05,200m_r037_c064__v01,200m_r038_c065__v01,0.282501497634073,0.770458629911109
truck_05,200m_r038_c065__v01,200m_r038_c066__v01,0.19974058065186,0.544747038141437
truck_05,200m_r038_c066__v01,200m_r039_c068__v01,0.446646836171614,1.21812773501349
truck_05,200m_r039_c068__v01,200m_r040_c072__v01,0.823544851571795,2.24603141337762
truck_05,200m_r040_c072__v01,200m_r041_c075__v01,0.631627725982202,1.72262107086055
truck_05,200m_r041_c075__v01,200m_r041_c072__v01,0.599198322091745,1.6341772420684
truck_05,200m_r041_c072__v01,200m_r041_c068__v01,0.798931096083268,2.178902989318
truck_05,200m_r041_c068__v01,200m_r041_c066__v01,0.3994655480748,1.08945149474946
truck_05,200m_r041_c066__v01,200m_r040_c065__v01,0.282495978255229,0.770443577059715
truck_05,200m_r040_c065__v01,200m_r041_c066__v01,0.282495978255229,0.770443577059715
truck_05,200m_r041_c066__v01,200m_r042_c066__v01,0.199775566355596,0.54484245369708
truck_05,200m_r042_c066__v01,200m_r044_c065__v01,0.446690283430724,1.21824622753834
truck_05,200m_r044_c065__v01,200m_r043_c063__v01,0.446623559722881,1.21806425378967
truck_05,200m_r043_c063__v01,200m_r040_c063__v01,0.599326699066788,1.63452736109124
truck_05,200m_r040_c063__v01,200m_r039_c063__v01,0.199775566355596,0.54484245369708
truck_05,200m_r039_c063__v01,200m_r037_c062__v01,0.446696101605454,1.2182620952876
truck_05,200m_r037_c062__v01,200m_r035_c061__v01,0.446698428346431,1.21826844094481
truck_05,200m_r035_c061__v01,200m_r034_c061__v01,0.199775566355596,0.54484245369708
truck_05,200m_r034_c061__v01,200m_r033_c060__v01,0.282508855029531,0.770478695535083
truck_05,200m_r033_c060__v01,200m_r032_c059__v01,0.28251069406116,0.770483711075892
truck_05,200m_r032_c059__v01,200m_r031_c058__v01,0.282512532964855,0.770488726267786
truck_05,200m_r031_c058__v01,200m_r031_c057__v01,0.1997587892,0.544796697818182
truck_05,200m_r031_c057__v01,200m_r030_c056__v01,0.282514371743705,0.770493741119195
truck_05,200m_r030_c056__v01,200m_r029_c058__v01,0.446688712413991,1.21824194294725
truck_05,200m_r029_c058__v01,200m_r029_c056__v01,0.399527979740802,1.08962176292946
truck_05,200m_r029_c056__v01,200m_r029_c054__v01,0.399527979739343,1.08962176292548
truck_05,200m_r029_c054__v01,200m_r030_c052__v01,0.446688712413991,1.21824194294725
truck_05,200m_r030_c052__v01,200m_r030_c049__v01,0.599284168871269,1.63441136964892
truck_05,200m_r030_c049__v01,200m_r030_c047__v01,0.399522779261128,1.08960757980308
truck_05,200m_r030_c047__v01,200m_r032_c046__v01,0.446704243872392,1.21828430147016
truck_05,200m_r032_c046__v01,200m_r032_c045__v01,0.199756188568061,0.544789605185622
truck_05,200m_r032_c045__v01,200m_r030_c043__v01,0.56502690468163,1.54098246731354
truck_05,200m_r030_c043__v01,200m_r029_c042__v01,0.28251621039461,0.770498755621665
truck_05,200m_r029_c042__v01,DEPOT,0.399551132711192,1.08968490739416
truck_06,DEPOT,200m_r026_c044__v01,0.446702665053672,1.21827999560092
truck_06,200m_r026_c044__v01,200m_r025_c046__v01,0.446707315256536,1.21829267797237
truck_06,200m_r025_c046__v01,200m_r024_c048__v01,0.446711965117686,1.21830535941187
truck_06,200m_r024_c048__v01,200m_r025_c046__v01,0.446711965117686,1.21830535941187
truck_06,200m_r025_c046__v01,200m_r024_c045__v01,0.282525401745279,0.770523822941669
truck_06,200m_r024_c045__v01,200m_r023_c044__v01,0.282527239634607,0.770528835367111
truck_06,200m_r023_c044__v01,200m_r022_c043__v01,0.282529077395958,0.770533847443521
truck_06,200m_r022_c043__v01,200m_r020_c043__v01,0.399551132711192,1.08968490739416
truck_06,200m_r020_c043__v01,200m_r018_c042__v01,0.446718193410143,1.21832234566403
truck_06,200m_r018_c042__v01,200m_r016_c043__v01,0.446720517272515,1.2183286834705
truck_06,200m_r016_c043__v01,200m_r014_c045__v01,0.565085713076302,1.54114285384446
truck_06,200m_r014_c045__v01,200m_r010_c050__v01,1.2793150460925,3.48904103479772
truck_06,200m_r010_c050__v01,200m_r018_c049__v01,1.61064550689222,4.39266956425151
truck_06,200m_r018_c049__v01,200m_r022_c050__v01,0.823698627536016,2.24645080237095
truck_06,200m_r022_c050__v01,200m_r023_c052__v01,0.446721263824724,1.21833071952198
truck_06,200m_r023_c052__v01,200m_r023_c053__v01,0.199779587184363,0.544853419593719
truck_06,200m_r023_c053__v01,200m_r024_c054__v01,0.282527239634607,0.770528835367111
truck_06,200m_r024_c054__v01,200m_r026_c054__v01,0.399551132711192,1.08968490739416
truck_06,200m_r026_c054__v01,200m_r027_c054__v01,0.199775566355991,0.544842453698158
truck_06,200m_r027_c054__v01,200m_r029_c054__v01,0.399551132711192,1.08968490739416
truck_06,200m_r029_c054__v01,200m_r030_c055__v01,0.28251621039461,0.770498755621665
truck_06,200m_r030_c055__v01,200m_r030_c054__v01,0.199761389635524,0.544803789915066
truck_06,200m_r030_c054__v01,200m_r030_c052__v01,0.399522779262587,1.08960757980706
truck_06,200m_r030_c052__v01,200m_r030_c049__v01,0.599284168871269,1.63441136964892
truck_06,200m_r030_c049__v01,200m_r030_c048__v01,0.199761389635524,0.544803789915066
truck_06,200m_r030_c048__v01,200m_r032_c047__v01,0.446704243871739,1.21828430146838
truck_06,200m_r032_c047__v01,200m_r034_c046__v01,0.446701917889145,1.21827795787949
truck_06,200m_r034_c046__v01,200m_r036_c046__v01,0.399551132711192,1.08968490739416
truck_06,200m_r036_c046__v01,200m_r039_c045__v01,0.631735159245863,1.72291407067054
truck_06,200m_r039_c045__v01,200m_r041_c043__v01,0.564993796402279,1.54089217200622
truck_06,200m_r041_c043__v01,200m_r042_c043__v01,0.199775566355596,0.54484245369708
truck_06,200m_r042_c043__v01,200m_r045_c041__v01,0.720246360103494,1.96430825482771
truck_06,200m_r045_c041__v01,200m_r045_c042__v01,0.199722362480272,0.544697352218923
truck_06,200m_r045_c042__v01,200m_r045_c046__v01,0.798889449834842,2.17878940864048
truck_06,200m_r045_c046__v01,200m_r044_c047__v01,0.282488617307344,0.770423501747302
truck_06,200m_r044_c047__v01,200m_r044_c052__v01,0.998624828154385,2.72352225860287
truck_06,200m_r044_c052__v01,200m_r039_c047__v01,1.4124706898669,3.85219279054608
truck_06,200m_r039_c047__v01,200m_r036_c046__v01,0.631735159245863,1.72291407067054
truck_06,200m_r036_c046__v01,200m_r034_c046__v01,0.399551132711192,1.08968490739416
truck_06,200m_r034_c046__v01,200m_r032_c047__v01,0.446701917889145,1.21827795787949
truck_06,200m_r032_c047__v01,200m_r030_c047__v01,0.399551132711192,1.08968490739416
truck_06,200m_r030_c047__v01,200m_r027_c047__v01,0.599326699066788,1.63452736109124
truck_06,200m_r027_c047__v01,200m_r025_c048__v01,0.446710057505013,1.21830015683185
truck_06,200m_r025_c048__v01,200m_r025_c046__v01,0.399548777723751,1.08967848470114
truck_06,200m_r025_c046__v01,200m_r026_c044__v01,0.446707315256536,1.21829267797237
truck_06,200m_r026_c044__v01,DEPOT,0.446702665053672,1.21827999560092
truck_06,DEPOT,200m_r026_c040__v01,0.446702665054978,1.21827999560449
truck_06,200m_r026_c040__v01,200m_r026_c039__v01,0.199771789411962,0.544832152941714
truck_06,200m_r026_c039__v01,200m_r026_c037__v01,0.399543578818386,1.08966430586833
truck_06,200m_r026_c037__v01,200m_r026_c039__v01,0.399543578818386,1.08966430586833
truck_06,200m_r026_c039__v01,200m_r026_c040__v01,0.199771789411962,0.544832152941714
truck_06,200m_r026_c040__v01,DEPOT,0.446702665054978,1.21827999560449
truck_07,DEPOT,200m_r026_c040__v01,0.446702665054978,1.27629332872851
truck_07,200m_r026_c040__v01,200m_r025_c038__v01,0.446707315255231,1.27630661501495
truck_07,200m_r025_c038__v01,200m_r024_c037__v01,0.282525401745279,0.807215433557939
truck_07,200m_r024_c037__v01,200m_r023_c035__v01,0.446716614640853,1.27633318468815
truck_07,200m_r023_c035__v01,200m_r021_c034__v01,0.446714707048324,1.27632773442378
truck_07,200m_r021_c034__v01,200m_r020_c033__v01,0.282532752540898,0.807236435831136
truck_07,200m_r020_c033__v01,200m_r018_c032__v01,0.44671819340949,1.27633769545569
truck_07,200m_r018_c032__v01,200m_r017_c031__v01,0.282538264304545,0.80725218372727
truck_07,200m_r017_c031__v01,200m_r016_c030__v01,0.282540101305151,0.807257432300431
truck_07,200m_r016_c030__v01,200m_r014_c031__v01,0.446722840831778,1.27635097380508
truck_07,200m_r014_c031__v01,200m_r012_c032__v01,0.4467251640879,1.27635761167971
truck_07,200m_r012_c032__v01,200m_r010_c033__v01,0.446727487040195,1.27636424868627
truck_07,200m_r010_c033__v01,200m_r009_c034__v01,0.282552956753706,0.807294162153446
truck_07,200m_r009_c034__v01,200m_r010_c035__v01,0.282552956753706,0.807294162153446
truck_07,200m_r010_c035__v01,200m_r012_c035__v01,0.399551132711192,1.14157466488912
truck_07,200m_r012_c035__v01,200m_r014_c036__v01,0.446725164087247,1.27635761167785
truck_07,200m_r014_c036__v01,200m_r012_c035__v01,0.446725164087247,1.27635761167785
truck_07,200m_r012_c035__v01,200m_r010_c035__v01,0.399551132711192,1.14157466488912
truck_07,200m_r010_c035__v01,200m_r008_c034__v01,0.446729809690592,1.27637088483026
truck_07,200m_r008_c034__v01,200m_r010_c035__v01,0.446729809690592,1.27637088483026
truck_07,200m_r010_c035__v01,200m_r012_c035__v01,0.399551132711192,1.14157466488912
truck_07,200m_r012_c035__v01,200m_r014_c036__v01,0.446725164087247,1.27635761167785
truck_07,200m_r014_c036__v01,200m_r014_c039__v01,0.59940890963446,1.71259688466988
truck_07,200m_r014_c039__v01,200m_r015_c041__v01,0.446758445080129,1.27645270022894
truck_07,200m_r015_c041__v01,200m_r016_c043__v01,0.446753798612205,1.2764394246063
truck_07,200m_r016_c043__v01,200m_r016_c044__v01,0.199797775106415,0.57085078601833
truck_07,200m_r016_c044__v01,200m_r018_c046__v01,0.565078365582824,1.61450961595093
truck_07,200m_r018_c046__v01,200m_r020_c045__v01,0.446718193410143,1.27633769545755
truck_07,200m_r020_c045__v01,200m_r021_c045__v01,0.199775566355596,0.57078733244456
truck_07,200m_r021_c045__v01,200m_r023_c044__v01,0.446714707048324,1.27632773442378
truck_07,200m_r023_c044__v01,200m_r025_c044__v01,0.399551132711192,1.14157466488912
truck_07,200m_r025_c044__v01,DEPOT,0.56504528928715,1.614415112249
truck_07,DEPOT,200m_r029_c041__v01,0.446707732279341,1.2763078065124
truck_07,200m_r029_c041__v01,200m_r030_c039__v01,0.446688712412686,1.27625346403624
truck_07,200m_r030_c039__v01,200m_r031_c038__v01,0.282514371743705,0.807183919267728
truck_07,200m_r031_c038__v01,200m_r032_c036__v01,0.446679408957191,1.27622688273483
truck_07,200m_r032_c036__v01,200m_r032_c034__v01,0.3995123771262,1.14146393464628
truck_07,200m_r032_c034__v01,200m_r032_c033__v01,0.199756188568061,0.570731967337318
truck_07,200m_r032_c033__v01,200m_r034_c030__v01,0.720246186913793,2.05784624832512
truck_07,200m_r034_c030__v01,200m_r035_c027__v01,0.631672154525683,1.80477758435909
truck_07,200m_r035_c027__v01,200m_r034_c024__v01,0.631672154525683,1.80477758435909
truck_07,200m_r034_c024__v01,200m_r031_c022__v01,0.720278108395409,2.05793745255831
truck_07,200m_r031_c022__v01,200m_r028_c020__v01,0.720286762990806,2.05796217997373
truck_07,200m_r028_c020__v01,200m_r027_c019__v01,0.282519887315664,0.807199678044754
truck_07,200m_r027_c019__v01,200m_r024_c014__v01,1.16487109570893,3.32820313059695
truck_07,200m_r024_c014__v01,200m_r026_c009__v01,1.07581888252118,3.0737682357748
truck_07,200m_r026_c009__v01,200m_r023_c008__v01,0.63174584913021,1.80498814037203
truck_07,200m_r023_c008__v01,200m_r020_c005__v01,0.847592744861716,2.42169355674776
truck_07,200m_r020_c005__v01,200m_r023_c008__v01,0.847592744861716,2.42169355674776
truck_07,200m_r023_c008__v01,200m_r026_c009__v01,0.63174584913021,1.80498814037203
truck_07,200m_r026_c009__v01,200m_r024_c014__v01,1.07581888252118,3.0737682357748
truck_07,200m_r024_c014__v01,200m_r022_c018__v01,0.893437878358013,2.55267965245147
truck_07,200m_r022_c018__v01,200m_r022_c022__v01,0.799128744107931,2.28322498316552
truck_07,200m_r022_c022__v01,200m_r021_c024__v01,0.446725912670598,1.27635975048742
truck_07,200m_r021_c024__v01,200m_r021_c025__v01,0.199784784714693,0.570813670613409
truck_07,200m_r021_c025__v01,200m_r020_c027__v01,0.446730561175855,1.27637303193101
truck_07,200m_r020_c027__v01,200m_r019_c029__v01,0.446735209340487,1.27638631240139
truck_07,200m_r019_c029__v01,200m_r020_c031__v01,0.446735209341793,1.27638631240512
truck_07,200m_r020_c031__v01,200m_r020_c033__v01,0.399574766364867,1.14164218961391
truck_07,200m_r020_c033__v01,200m_r021_c034__v01,0.282532752540898,0.807236435831136
truck_07,200m_r021_c034__v01,200m_r023_c035__v01,0.446714707048324,1.27632773442378
truck_07,200m_r023_c035__v01,200m_r024_c037__v01,0.446716614640853,1.27633318468815
truck_07,200m_r024_c037__v01,200m_r025_c038__v01,0.282525401745279,0.807215433557939
truck_07,200m_r025_c038__v01,200m_r026_c040__v01,0.446707315255231,1.27630661501495
truck_07,200m_r026_c040__v01,DEPOT,0.446702665054978,1.27629332872851
truck_08,DEPOT,200m_r029_c041__v01,0.446707732279341,1.2763078065124
truck_08,200m_r029_c041__v01,200m_r030_c039__v01,0.446688712412686,1.27625346403624
truck_08,200m_r030_c039__v01,200m_r031_c037__v01,0.446684060855212,1.27624017387203
truck_08,200m_r031_c037__v01,200m_r031_c038__v01,0.1997587892,0.570739397714286
truck_08,200m_r031_c038__v01,200m_r032_c036__v01,0.446679408957191,1.27622688273483
truck_08,200m_r032_c036__v01,200m_r032_c034__v01,0.3995123771262,1.14146393464628
truck_08,200m_r032_c034__v01,200m_r033_c031__v01,0.631686959645635,1.80481988470181
truck_08,200m_r033_c031__v01,200m_r034_c030__v01,0.282508855029531,0.80716815722723
truck_08,200m_r034_c030__v01,200m_r035_c027__v01,0.631672154525683,1.80477758435909
truck_08,200m_r035_c027__v01,200m_r034_c024__v01,0.631672154525683,1.80477758435909
truck_08,200m_r034_c024__v01,200m_r031_c022__v01,0.720278108395409,2.05793745255831
truck_08,200m_r031_c022__v01,200m_r028_c020__v01,0.720286762990806,2.05796217997373
truck_08,200m_r028_c020__v01,200m_r028_c019__v01,0.199766589917318,0.570761685478051
truck_08,200m_r028_c019__v01,200m_r029_c016__v01,0.631716563293257,1.80490446655216
truck_08,200m_r029_c016__v01,200m_r029_c011__v01,0.998819949202497,2.85377128343571
truck_08,200m_r029_c011__v01,200m_r029_c009__v01,0.399527979739343,1.14150851354098
truck_08,200m_r029_c009__v01,200m_r029_c005__v01,0.799055959412465,2.28301702689276
truck_08,200m_r029_c005__v01,200m_r029_c004__v01,0.199763989874631,0.57075425678466
truck_08,200m_r029_c004__v01,200m_r026_c006__v01,0.720292531762446,2.05797866217842
truck_08,200m_r026_c006__v01,200m_r025_c007__v01,0.282523563729009,0.807210182082882
truck_08,200m_r025_c007__v01,200m_r017_c006__v01,1.6106432510955,4.60183786027285
truck_08,200m_r017_c006__v01,200m_r023_c008__v01,1.26349909460191,3.60999741314833
truck_08,200m_r023_c008__v01,200m_r026_c009__v01,0.63174584913021,1.80498814037203
truck_08,200m_r026_c009__v01,200m_r024_c014__v01,1.07581888252118,3.0737682357748
truck_08,200m_r024_c014__v01,200m_r022_c018__v01,0.893437878358013,2.55267965245147
truck_08,200m_r022_c018__v01,200m_r022_c022__v01,0.799128744107931,2.28322498316552
truck_08,200m_r022_c022__v01,200m_r022_c023__v01,0.199782186048477,0.570806245852792
truck_08,200m_r022_c023__v01,200m_r022_c025__v01,0.399564372087043,1.14161249167726
truck_08,200m_r022_c025__v01,200m_r023_c026__v01,0.28252907739699,0.807225935419971
truck_08,200m_r023_c026__v01,200m_r022_c027__v01,0.28252907739699,0.807225935419971
truck_08,200m_r022_c027__v01,200m_r020_c028__v01,0.446715869244693,1.27633105498484
truck_08,200m_r020_c028__v01,200m_r018_c029__v01,0.44671819340949,1.27633769545569
truck_08,200m_r018_c029__v01,200m_r016_c029__v01,0.399551132711192,1.14157466488912
truck_08,200m_r016_c029__v01,200m_r015_c030__v01,0.282541938178778,0.807262680510793
truck_08,200m_r015_c030__v01,200m_r014_c031__v01,0.28254377492542,0.807267928358344
truck_08,200m_r014_c031__v01,200m_r013_c032__v01,0.282545611545074,0.807273175843069
truck_08,200m_r013_c032__v01,200m_r011_c033__v01,0.44672632560162,1.27636093029034
truck_08,200m_r011_c033__v01,200m_r010_c035__v01,0.446777027564627,1.27650579304179
truck_08,200m_r010_c035__v01,200m_r010_c036__v01,0.1998133570935,0.570895305981429
truck_08,200m_r010_c036__v01,200m_r007_c037__v01,0.631758993732064,1.80502569637733
truck_08,200m_r007_c037__v01,200m_r007_c040__v01,0.599463436273441,1.71275267506697
truck_08,200m_r007_c040__v01,200m_r009_c039__v01,0.446730970901099,1.27637420257457
truck_08,200m_r009_c039__v01,200m_r011_c040__v01,0.44672864840297,1.27636756686563
truck_08,200m_r011_c040__v01,200m_r013_c042__v01,0.56509673241428,1.61456209261223
truck_08,200m_r013_c042__v01,200m_r015_c043__v01,0.446724002497734,1.27635429285067
truck_08,200m_r015_c043__v01,200m_r016_c044__v01,0.282541938177745,0.807262680507844
truck_08,200m_r016_c044__v01,200m_r018_c045__v01,0.446720517272515,1.27634433506433
truck_08,200m_r018_c045__v01,200m_r020_c045__v01,0.399551132711192,1.14157466488912
truck_08,200m_r020_c045__v01,200m_r021_c045__v01,0.199775566355596,0.57078733244456
truck_08,200m_r021_c045__v01,200m_r023_c044__v01,0.446714707048324,1.27632773442378
truck_08,200m_r023_c044__v01,200m_r025_c044__v01,0.399551132711192,1.14157466488912
truck_08,200m_r025_c044__v01,DEPOT,0.56504528928715,1.614415112249
truck_09,DEPOT,200m_r029_c041__v01,0.446707732279341,1.2763078065124
truck_09,200m_r029_c041__v01,200m_r030_c039__v01,0.446688712412686,1.27625346403624
truck_09,200m_r030_c039__v01,200m_r031_c038__v01,0.282514371743705,0.807183919267728
truck_09,200m_r031_c038__v01,200m_r032_c036__v01,0.446679408957191,1.27622688273483
truck_09,200m_r032_c036__v01,200m_r032_c034__v01,0.3995123771262,1.14146393464628
truck_09,200m_r032_c034__v01,200m_r033_c031__v01,0.631686959645635,1.80481988470181
truck_09,200m_r033_c031__v01,200m_r034_c030__v01,0.282508855029531,0.80716815722723
truck_09,200m_r034_c030__v01,200m_r035_c027__v01,0.631672154525683,1.80477758435909
truck_09,200m_r035_c027__v01,200m_r034_c024__v01,0.631672154525683,1.80477758435909
truck_09,200m_r034_c024__v01,200m_r031_c022__v01,0.720278108395409,2.05793745255831
truck_09,200m_r031_c022__v01,200m_r028_c020__v01,0.720286762990806,2.05796217997373
truck_09,200m_r028_c020__v01,200m_r027_c019__v01,0.282519887315664,0.807199678044754
truck_09,200m_r027_c019__v01,200m_r025_c020__v01,0.446710057505665,1.27631445001619
truck_09,200m_r025_c020__v01,200m_r024_c020__v01,0.199775566355596,0.57078733244456
truck_09,200m_r024_c020__v01,200m_r022_c022__v01,0.565056317003669,1.61444662001048
truck_09,200m_r022_c022__v01,200m_r021_c024__v01,0.446725912670598,1.27635975048742
truck_09,200m_r021_c024__v01,200m_r021_c025__v01,0.199784784714693,0.570813670613409
truck_09,200m_r021_c025__v01,200m_r020_c027__v01,0.446730561175855,1.27637303193101
truck_09,200m_r020_c027__v01,200m_r019_c029__v01,0.446735209340487,1.27638631240139
truck_09,200m_r019_c029__v01,200m_r020_c031__v01,0.446735209341793,1.27638631240512
truck_09,200m_r020_c031__v01,200m_r019_c029__v01,0.446735209341793,1.27638631240512
truck_09,200m_r019_c029__v01,200m_r020_c027__v01,0.446735209340487,1.27638631240139
truck_09,200m_r020_c027__v01,200m_r021_c025__v01,0.446730561175855,1.27637303193101
truck_09,200m_r021_c025__v01,200m_r021_c024__v01,0.199784784714693,0.570813670613409
truck_09,200m_r021_c024__v01,200m_r022_c023__v01,0.282530915032422,0.807231185806919
truck_09,200m_r022_c023__v01,200m_r022_c021__v01,0.399564372088502,1.14161249168144
truck_09,200m_r022_c021__v01,200m_r022_c022__v01,0.199782186048477,0.570806245852792
truck_09,200m_r022_c022__v01,200m_r021_c024__v01,0.446725912670598,1.27635975048742
truck_09,200m_r021_c024__v01,200m_r021_c025__v01,0.199784784714693,0.570813670613409
truck_09,200m_r021_c025__v01,200m_r020_c027__v01,0.446730561175855,1.27637303193101
truck_09,200m_r020_c027__v01,200m_r019_c029__v01,0.446735209340487,1.27638631240139
truck_09,200m_r019_c029__v01,200m_r020_c031__v01,0.446735209341793,1.27638631240512
truck_09,200m_r020_c031__v01,200m_r020_c033__v01,0.399574766364867,1.14164218961391
truck_09,200m_r020_c033__v01,200m_r021_c034__v01,0.282532752540898,0.807236435831136
truck_09,200m_r021_c034__v01,200m_r023_c035__v01,0.446714707048324,1.27632773442378
truck_09,200m_r023_c035__v01,200m_r024_c037__v01,0.446716614640853,1.27633318468815
truck_09,200m_r024_c037__v01,200m_r025_c038__v01,0.282525401745279,0.807215433557939
truck_09,200m_r025_c038__v01,200m_r024_c037__v01,0.282525401745279,0.807215433557939
truck_09,200m_r024_c037__v01,200m_r023_c035__v01,0.446716614640853,1.27633318468815
truck_09,200m_r023_c035__v01,200m_r021_c034__v01,0.446714707048324,1.27632773442378
truck_09,200m_r021_c034__v01,200m_r020_c033__v01,0.282532752540898,0.807236435831136
truck_09,200m_r020_c033__v01,200m_r018_c032__v01,0.44671819340949,1.27633769545569
truck_09,200m_r018_c032__v01,200m_r017_c031__v01,0.282538264304545,0.80725218372727
truck_09,200m_r017_c031__v01,200m_r015_c030__v01,0.446721679090038,1.27634765454296
truck_09,200m_r015_c030__v01,200m_r014_c030__v01,0.199775566355596,0.57078733244456
truck_09,200m_r014_c030__v01,200m_r014_c031__v01,0.19980296988941,0.570865628255457
truck_09,200m_r014_c031__v01,200m_r012_c032__v01,0.4467251640879,1.27635761167971
truck_09,200m_r012_c032__v01,200m_r010_c033__v01,0.446727487040195,1.27636424868627
truck_09,200m_r010_c033__v01,200m_r009_c034__v01,0.282552956753706,0.807294162153446
truck_09,200m_r009_c034__v01,200m_r007_c036__v01,0.565111421306443,1.61460406087555
truck_09,200m_r007_c036__v01,200m_r007_c037__v01,0.199821145436213,0.570917558389179
truck_09,200m_r007_c037__v01,200m_r007_c040__v01,0.599463436273441,1.71275267506697
truck_09,200m_r007_c040__v01,200m_r008_c040__v01,0.199775566355596,0.57078733244456
truck_09,200m_r008_c040__v01,200m_r011_c040__v01,0.599326699066788,1.71236199733368
truck_09,200m_r011_c040__v01,200m_r013_c040__v01,0.399551132711192,1.14157466488912
truck_09,200m_r013_c040__v01,200m_r015_c041__v01,0.446724002497734,1.27635429285067
truck_09,200m_r015_c041__v01,200m_r017_c041__v01,0.399551132711192,1.14157466488912
truck_09,200m_r017_c041__v01,200m_r018_c042__v01,0.282538264304545,0.80725218372727
truck_09,200m_r018_c042__v01,200m_r020_c043__v01,0.446718193410143,1.27633769545755
truck_09,200m_r020_c043__v01,200m_r021_c043__v01,0.199775566355596,0.57078733244456
truck_09,200m_r021_c043__v01,200m_r023_c043__v01,0.399551132711192,1.14157466488912
truck_09,200m_r023_c043__v01,200m_r024_c042__v01,0.282527239634607,0.807220684670307
truck_09,200m_r024_c042__v01,200m_r023_c043__v01,0.282527239634607,0.807220684670307
truck_09,200m_r023_c043__v01,200m_r022_c043__v01,0.199775566355596,0.57078733244456
truck_09,200m_r022_c043__v01,200m_r022_c045__v01,0.399564372087043,1.14161249167726
truck_09,200m_r022_c045__v01,200m_r024_c045__v01,0.399551132711192,1.14157466488912
truck_09,200m_r024_c045__v01,200m_r025_c044__v01,0.282525401745279,0.807215433557939
truck_09,200m_r025_c044__v01,DEPOT,0.56504528928715,1.614415112249
truck_10,DEPOT,200m_r029_c042__v01,0.399551132711192,1.14157466488912
truck_10,200m_r029_c042__v01,200m_r030_c043__v01,0.28251621039461,0.80718917255603
truck_10,200m_r030_c043__v01,200m_r032_c045__v01,0.56502690468163,1.61436258480466
truck_10,200m_r032_c045__v01,200m_r033_c045__v01,0.199775566355596,0.57078733244456
truck_10,200m_r033_c045__v01,200m_r034_c046__v01,0.282508855029531,0.80716815722723
truck_10,200m_r034_c046__v01,200m_r036_c049__v01,0.72023320181467,2.05780914804191
truck_10,200m_r036_c049__v01,200m_r036_c051__v01,0.399491568143949,1.14140448041128
truck_10,200m_r036_c051__v01,200m_r035_c055__v01,0.823585237200297,2.35310067771513
truck_10,200m_r035_c055__v01,200m_r035_c057__v01,0.399496770977636,1.14141934565039
truck_10,200m_r035_c057__v01,200m_r035_c060__v01,0.599245156446017,1.71212901841719
truck_10,200m_r035_c060__v01,200m_r036_c062__v01,0.446660797972842,1.27617370849383
truck_10,200m_r036_c062__v01,200m_r037_c064__v01,0.446656144377423,1.27616041250692
truck_10,200m_r037_c064__v01,200m_r038_c065__v01,0.282501497634073,0.807147136097353
truck_10,200m_r038_c065__v01,200m_r038_c066__v01,0.19974058065186,0.570687373291029
truck_10,200m_r038_c066__v01,200m_r037_c069__v01,0.631649942725799,1.80471412207371
truck_10,200m_r037_c069__v01,200m_r039_c072__v01,0.720213720684428,2.0577534876698
truck_10,200m_r039_c072__v01,200m_r036_c074__v01,0.720263680231025,2.0578962292315
truck_10,200m_r036_c074__v01,200m_r035_c074__v01,0.199775566355596,0.57078733244456
truck_10,200m_r035_c074__v01,200m_r034_c075__v01,0.28250701586997,0.807162902485629
truck_10,200m_r034_c075__v01,200m_r033_c076__v01,0.282508855029531,0.80716815722723
truck_10,200m_r033_c076__v01,200m_r031_c075__v01,0.446703080918627,1.27629451691036
truck_10,200m_r031_c075__v01,200m_r030_c075__v01,0.199775566355596,0.57078733244456
truck_10,200m_r030_c075__v01,200m_r028_c075__v01,0.399551132711192,1.14157466488912
truck_10,200m_r028_c075__v01,200m_r027_c075__v01,0.199775566355596,0.57078733244456
truck_10,200m_r027_c075__v01,200m_r025_c074__v01,0.446710057505013,1.27631445001432
truck_10,200m_r025_c074__v01,200m_r026_c073__v01,0.282523563729009,0.807210182082882
truck_10,200m_r026_c073__v01,200m_r026_c071__v01,0.399543578818386,1.14155308233825
truck_10,200m_r026_c071__v01,200m_r027_c069__v01,0.446702665053672,1.27629332872478
truck_10,200m_r027_c069__v01,200m_r027_c068__v01,0.199769189763582,0.570769113610235
truck_10,200m_r027_c068__v01,200m_r026_c067__v01,0.282521725586082,0.807204930245947
truck_10,200m_r026_c067__v01,200m_r027_c068__v01,0.282521725586082,0.807204930245947
truck_10,200m_r027_c068__v01,200m_r027_c069__v01,0.199769189763582,0.570769113610235
truck_10,200m_r027_c069__v01,200m_r026_c071__v01,0.446702665053672,1.27629332872478
truck_10,200m_r026_c071__v01,200m_r024_c071__v01,0.399551132711192,1.14157466488912
truck_10,200m_r024_c071__v01,200m_r023_c071__v01,0.199775566355596,0.57078733244456
truck_10,200m_r023_c071__v01,200m_r024_c071__v01,0.199775566355596,0.57078733244456
truck_10,200m_r024_c071__v01,200m_r026_c071__v01,0.399551132711192,1.14157466488912
truck_10,200m_r026_c071__v01,200m_r028_c071__v01,0.399551132711587,1.14157466489025
truck_10,200m_r028_c071__v01,200m_r028_c069__v01,0.399533179824717,1.14152337092776
truck_10,200m_r028_c069__v01,200m_r028_c067__v01,0.399533179826177,1.14152337093193
truck_10,200m_r028_c067__v01,200m_r028_c066__v01,0.199766589915858,0.570761685473881
truck_10,200m_r028_c066__v01,200m_r028_c064__v01,0.399533179826177,1.14152337093193
truck_10,200m_r028_c064__v01,200m_r030_c064__v01,0.399551132711192,1.14157466488912
truck_10,200m_r030_c064__v01,200m_r032_c063__v01,0.446704243872392,1.27629783963541
truck_10,200m_r032_c063__v01,200m_r034_c062__v01,0.446701917888492,1.27629119396712
truck_10,200m_r034_c062__v01,200m_r036_c062__v01,0.399551132711192,1.14157466488912
truck_10,200m_r036_c062__v01,200m_r037_c061__v01,0.282503337173269,0.807152391923626
truck_10,200m_r037_c061__v01,200m_r038_c059__v01,0.446651490445418,1.27614711555834
truck_10,200m_r038_c059__v01,200m_r037_c061__v01,0.446651490445418,1.27614711555834
truck_10,200m_r037_c061__v01,200m_r035_c060__v01,0.446698428346431,1.27628122384694
truck_10,200m_r035_c060__v01,200m_r033_c060__v01,0.399551132711192,1.14157466488912
truck_10,200m_r033_c060__v01,200m_r032_c060__v01,0.199775566355596,0.57078733244456
truck_10,200m_r032_c060__v01,200m_r032_c061__v01,0.199756188568061,0.570731967337318
truck_10,200m_r032_c061__v01,200m_r032_c063__v01,0.3995123771262,1.14146393464628
truck_10,200m_r032_c063__v01,200m_r030_c064__v01,0.446704243872392,1.27629783963541
truck_10,200m_r030_c064__v01,200m_r028_c064__v01,0.399551132711192,1.14157466488912
truck_10,200m_r028_c064__v01,200m_r026_c063__v01,0.446708894930549,1.276311128373
truck_10,200m_r026_c063__v01,200m_r027_c061__v01,0.446702665053672,1.27629332872478
truck_10,200m_r027_c061__v01,200m_r027_c059__v01,0.399538379518707,1.1415382271963
truck_10,200m_r027_c059__v01,200m_r027_c057__v01,0.399538379517247,1.14153822719213
truck_10,200m_r027_c057__v01,200m_r027_c056__v01,0.199769189763582,0.570769113610235
truck_10,200m_r027_c056__v01,200m_r026_c054__v01,0.446702665053672,1.27629332872478
truck_10,200m_r026_c054__v01,200m_r026_c052__v01,0.399543578818386,1.14155308233825
truck_10,200m_r026_c052__v01,200m_r027_c050__v01,0.446702665053672,1.27629332872478
truck_10,200m_r027_c050__v01,200m_r027_c047__v01,0.599307569255456,1.71230734072988
truck_10,200m_r027_c047__v01,200m_r027_c045__v01,0.399538379518707,1.1415382271963
truck_10,200m_r027_c045__v01,DEPOT,0.599307569255456,1.71230734072988
truck_11,DEPOT,200m_r026_c040__v01,0.446702665054978,1.27629332872851
truck_11,200m_r026_c040__v01,200m_r025_c038__v01,0.446707315255231,1.27630661501495
truck_11,200m_r025_c038__v01,200m_r024_c037__v01,0.282525401745279,0.807215433557939
truck_11,200m_r024_c037__v01,200m_r023_c035__v01,0.446716614640853,1.27633318468815
truck_11,200m_r023_c035__v01,200m_r021_c034__v01,0.446714707048324,1.27632773442378
truck_11,200m_r021_c034__v01,200m_r020_c033__v01,0.282532752540898,0.807236435831136
truck_11,200m_r020_c033__v01,200m_r021_c034__v01,0.282532752540898,0.807236435831136
truck_11,200m_r021_c034__v01,200m_r023_c035__v01,0.446714707048324,1.27632773442378
truck_11,200m_r023_c035__v01,200m_r025_c037__v01,0.565052641351954,1.61443611814844
truck_11,200m_r025_c037__v01,200m_r023_c035__v01,0.565052641351954,1.61443611814844
truck_11,200m_r023_c035__v01,200m_r021_c034__v01,0.446714707048324,1.27632773442378
truck_11,200m_r021_c034__v01,200m_r020_c033__v01,0.282532752540898,0.807236435831136
truck_11,200m_r020_c033__v01,200m_r018_c032__v01,0.44671819340949,1.27633769545569
truck_11,200m_r018_c032__v01,200m_r017_c031__v01,0.282538264304545,0.80725218372727
truck_11,200m_r017_c031__v01,200m_r015_c030__v01,0.446721679090038,1.27634765454296
truck_11,200m_r015_c030__v01,200m_r014_c031__v01,0.28254377492542,0.807267928358344
truck_11,200m_r014_c031__v01,200m_r013_c033__v01,0.446763091209993,1.2764659748857
truck_11,200m_r013_c033__v01,200m_r014_c036__v01,0.63182749867871,1.80522142479631
truck_11,200m_r014_c036__v01,200m_r014_c039__v01,0.59940890963446,1.71259688466988
truck_11,200m_r014_c039__v01,200m_r011_c040__v01,0.631755708841629,1.80501631097608
truck_11,200m_r011_c040__v01,200m_r009_c041__v01,0.446728648403623,1.27636756686749
truck_11,200m_r009_c041__v01,200m_r011_c040__v01,0.446728648403623,1.27636756686749
truck_11,200m_r011_c040__v01,200m_r013_c042__v01,0.56509673241428,1.61456209261223
truck_11,200m_r013_c042__v01,200m_r014_c042__v01,0.199775566355596,0.57078733244456
truck_11,200m_r014_c042__v01,200m_r014_c045__v01,0.599408909633,1.71259688466571
truck_11,200m_r014_c045__v01,200m_r016_c044__v01,0.446722840831778,1.27635097380508
truck_11,200m_r016_c044__v01,200m_r018_c043__v01,0.446720517271863,1.27634433506246
truck_11,200m_r018_c043__v01,200m_r020_c043__v01,0.399551132711192,1.14157466488912
truck_11,200m_r020_c043__v01,200m_r022_c043__v01,0.399551132711192,1.14157466488912
truck_11,200m_r022_c043__v01,200m_r023_c042__v01,0.28252907739699,0.807225935419971
truck_11,200m_r023_c042__v01,200m_r024_c043__v01,0.282527239634607,0.807220684670307
truck_11,200m_r024_c043__v01,200m_r024_c045__v01,0.399553976237715,1.14158278925062
truck_11,200m_r024_c045__v01,200m_r024_c048__v01,0.599330964336168,1.71237418381762
truck_11,200m_r024_c048__v01,200m_r024_c050__v01,0.399553976239175,1.14158278925479
truck_11,200m_r024_c050__v01,200m_r025_c051__v01,0.282525401745279,0.807215433557939
truck_11,200m_r025_c051__v01,200m_r024_c050__v01,0.282525401745279,0.807215433557939
truck_11,200m_r024_c050__v01,200m_r024_c048__v01,0.399553976239175,1.14158278925479
truck_11,200m_r024_c048__v01,200m_r024_c045__v01,0.599330964336168,1.71237418381762
truck_11,200m_r024_c045__v01,200m_r024_c043__v01,0.399553976237715,1.14158278925062
truck_11,200m_r024_c043__v01,200m_r024_c042__v01,0.199776988123815,0.57079139463947
truck_11,200m_r024_c042__v01,200m_r024_c040__v01,0.399553976239175,1.14158278925479
truck_11,200m_r024_c040__v01,200m_r024_c038__v01,0.399553976237715,1.14158278925062
truck_11,200m_r024_c038__v01,200m_r024_c037__v01,0.199776988123815,0.57079139463947
truck_11,200m_r024_c037__v01,200m_r023_c035__v01,0.446716614640853,1.27633318468815
truck_11,200m_r023_c035__v01,200m_r021_c034__v01,0.446714707048324,1.27632773442378
truck_11,200m_r021_c034__v01,200m_r020_c033__v01,0.282532752540898,0.807236435831136
truck_11,200m_r020_c033__v01,200m_r020_c031__v01,0.399574766364867,1.14164218961391
truck_11,200m_r020_c031__v01,200m_r019_c029__v01,0.446735209341793,1.27638631240512
truck_11,200m_r019_c029__v01,200m_r020_c027__v01,0.446735209340487,1.27638631240139
truck_11,200m_r020_c027__v01,200m_r021_c025__v01,0.446730561175855,1.27637303193101
truck_11,200m_r021_c025__v01,200m_r021_c024__v01,0.199784784714693,0.570813670613409
truck_11,200m_r021_c024__v01,200m_r022_c022__v01,0.446725912670598,1.27635975048742
truck_11,200m_r022_c022__v01,200m_r022_c018__v01,0.799128744107931,2.28322498316552
truck_11,200m_r022_c018__v01,200m_r024_c014__v01,0.893437878358013,2.55267965245147
truck_11,200m_r024_c014__v01,200m_r026_c009__v01,1.07581888252118,3.0737682357748
truck_11,200m_r026_c009__v01,200m_r023_c008__v01,0.63174584913021,1.80498814037203
truck_11,200m_r023_c008__v01,200m_r017_c007__v01,1.21518927215456,3.47196934901303
truck_11,200m_r017_c007__v01,200m_r023_c008__v01,1.21518927215456,3.47196934901303
truck_11,200m_r023_c008__v01,200m_r026_c009__v01,0.63174584913021,1.80498814037203
truck_11,200m_r026_c009__v01,200m_r024_c014__v01,1.07581888252118,3.0737682357748
truck_11,200m_r024_c014__v01,200m_r025_c016__v01,0.446711965118991,1.27631990033998
truck_11,200m_r025_c016__v01,200m_r027_c019__v01,0.720291620136762,2.0579760575336
truck_11,200m_r027_c019__v01,200m_r028_c020__v01,0.282519887315664,0.807199678044754
truck_11,200m_r028_c020__v01,200m_r031_c022__v01,0.720286762990806,2.05796217997373
truck_11,200m_r031_c022__v01,200m_r034_c024__v01,0.720278108395409,2.05793745255831
truck_11,200m_r034_c024__v01,200m_r035_c027__v01,0.631672154525683,1.80477758435909
truck_11,200m_r035_c027__v01,200m_r034_c030__v01,0.631672154525683,1.80477758435909
truck_11,200m_r034_c030__v01,200m_r033_c031__v01,0.282508855029531,0.80716815722723
truck_11,200m_r033_c031__v01,200m_r032_c034__v01,0.631686959645635,1.80481988470181
truck_11,200m_r032_c034__v01,200m_r032_c036__v01,0.3995123771262,1.14146393464628
truck_11,200m_r032_c036__v01,200m_r031_c038__v01,0.446679408957191,1.27622688273483
truck_11,200m_r031_c038__v01,200m_r030_c039__v01,0.282514371743705,0.807183919267728
truck_11,200m_r030_c039__v01,200m_r029_c041__v01,0.446688712412686,1.27625346403624
truck_11,200m_r029_c041__v01,DEPOT,0.446707732279341,1.2763078065124
truck_12,DEPOT,200m_r025_c041__v01,0.446710057505665,1.27631445001619
truck_12,200m_r025_c041__v01,DEPOT,0.446710057505665,1.27631445001619
truck_12,DEPOT,200m_r029_c042__v01,0.399551132711192,1.14157466488912
truck_12,200m_r029_c042__v01,200m_r030_c043__v01,0.28251621039461,0.80718917255603
truck_12,200m_r030_c043__v01,200m_r032_c045__v01,0.56502690468163,1.61436258480466
truck_12,200m_r032_c045__v01,200m_r034_c046__v01,0.446701917889145,1.27629119396898
truck_12,200m_r034_c046__v01,200m_r036_c049__v01,0.72023320181467,2.05780914804191
truck_12,200m_r036_c049__v01,200m_r036_c051__v01,0.399491568143949,1.14140448041128
truck_12,200m_r036_c051__v01,200m_r035_c055__v01,0.823585237200297,2.35310067771513
truck_12,200m_r035_c055__v01,200m_r035_c057__v01,0.399496770977636,1.14141934565039
truck_12,200m_r035_c057__v01,200m_r035_c060__v01,0.599245156446017,1.71212901841719
truck_12,200m_r035_c060__v01,200m_r036_c062__v01,0.446660797972842,1.27617370849383
truck_12,200m_r036_c062__v01,200m_r037_c062__v01,0.199775566355596,0.57078733244456
truck_12,200m_r037_c062__v01,200m_r035_c061__v01,0.446698428346431,1.27628122384694
truck_12,200m_r035_c061__v01,200m_r034_c061__v01,0.199775566355596,0.57078733244456
truck_12,200m_r034_c061__v01,200m_r033_c060__v01,0.282508855029531,0.80716815722723
truck_12,200m_r033_c060__v01,200m_r032_c059__v01,0.28251069406116,0.807173411603315
truck_12,200m_r032_c059__v01,200m_r031_c058__v01,0.282512532964855,0.807178665613871
truck_12,200m_r031_c058__v01,200m_r031_c056__v01,0.399517578391538,1.14147879540439
truck_12,200m_r031_c056__v01,200m_r030_c055__v01,0.282514371742673,0.80718391926478
truck_12,200m_r030_c055__v01,200m_r030_c054__v01,0.199761389635524,0.570746827530069
truck_12,200m_r030_c054__v01,200m_r030_c052__v01,0.399522779262587,1.14149365503596
truck_12,200m_r030_c052__v01,200m_r030_c049__v01,0.599284168871269,1.71224048248934
truck_12,200m_r030_c049__v01,200m_r030_c046__v01,0.599284168871269,1.71224048248934
truck_12,200m_r030_c046__v01,200m_r030_c047__v01,0.199761389635524,0.570746827530069
truck_12,200m_r030_c047__v01,200m_r027_c047__v01,0.599326699066788,1.71236199733368
truck_12,200m_r027_c047__v01,200m_r026_c045__v01,0.446702665054978,1.27629332872851
truck_12,200m_r026_c045__v01,200m_r025_c044__v01,0.282523563729009,0.807210182082882
truck_12,200m_r025_c044__v01,200m_r024_c042__v01,0.446711965117686,1.27631990033625
truck_12,200m_r024_c042__v01,200m_r024_c040__v01,0.399553976239175,1.14158278925479
truck_12,200m_r024_c040__v01,200m_r023_c039__v01,0.282527239633575,0.807220684667358
truck_12,200m_r023_c039__v01,200m_r025_c039__v01,0.399551132711192,1.14157466488912
truck_12,200m_r025_c039__v01,200m_r026_c040__v01,0.282523563727977,0.807210182079933
truck_12,200m_r026_c040__v01,200m_r025_c039__v01,0.282523563727977,0.807210182079933
truck_12,200m_r025_c039__v01,200m_r024_c038__v01,0.282525401745279,0.807215433557939
truck_12,200m_r024_c038__v01,200m_r023_c038__v01,0.199775566355596,0.57078733244456
truck_12,200m_r023_c038__v01,200m_r020_c038__v01,0.599326699066788,1.71236199733368
truck_12,200m_r020_c038__v01,200m_r018_c040__v01,0.565071017071465,1.61448862020419
truck_12,200m_r018_c040__v01,200m_r017_c041__v01,0.282538264304545,0.80725218372727
truck_12,200m_r017_c041__v01,200m_r018_c040__v01,0.282538264304545,0.80725218372727
truck_12,200m_r018_c040__v01,200m_r018_c037__v01,0.599377738586335,1.71250782453239
truck_12,200m_r018_c037__v01,200m_r017_c035__v01,0.446744504654377,1.27641287044108
truck_12,200m_r017_c035__v01,200m_r017_c033__v01,0.399590354836407,1.14168672810402
truck_12,200m_r017_c033__v01,200m_r017_c031__v01,0.399590354834948,1.14168672809985
truck_12,200m_r017_c031__v01,200m_r016_c030__v01,0.282540101305151,0.807257432300431
truck_12,200m_r016_c030__v01,200m_r016_c029__v01,0.199797775107875,0.5708507860225
truck_12,200m_r016_c029__v01,200m_r018_c029__v01,0.399551132711192,1.14157466488912
truck_12,200m_r018_c029__v01,200m_r019_c028__v01,0.282536427175932,0.807246934788377
truck_12,200m_r019_c028__v01,200m_r020_c027__v01,0.282534589922413,0.807241685492609
truck_12,200m_r020_c027__v01,200m_r021_c025__v01,0.446730561175855,1.27637303193101
truck_12,200m_r021_c025__v01,200m_r020_c027__v01,0.446730561175855,1.27637303193101
truck_12,200m_r020_c027__v01,200m_r020_c028__v01,0.199787383187388,0.570821094821109
truck_12,200m_r020_c028__v01,200m_r019_c030__v01,0.446735209340487,1.27638631240139
truck_12,200m_r019_c030__v01,200m_r017_c031__v01,0.446719355379216,1.27634101536919
truck_12,200m_r017_c031__v01,200m_r017_c033__v01,0.399590354834948,1.14168672809985
truck_12,200m_r017_c033__v01,200m_r017_c035__v01,0.399590354836407,1.14168672810402
truck_12,200m_r017_c035__v01,200m_r018_c037__v01,0.446744504654377,1.27641287044108
truck_12,200m_r018_c037__v01,200m_r020_c038__v01,0.446718193410143,1.27633769545755
truck_12,200m_r020_c038__v01,200m_r023_c038__v01,0.599326699066788,1.71236199733368
truck_12,200m_r023_c038__v01,200m_r024_c039__v01,0.282527239634607,0.807220684670307
truck_12,200m_r024_c039__v01,200m_r024_c040__v01,0.199776988122355,0.5707913946353
truck_12,200m_r024_c040__v01,200m_r025_c041__v01,0.282525401745279,0.807215433557939
truck_12,200m_r025_c041__v01,DEPOT,0.446710057505665,1.27631445001619
truck_13,DEPOT,200m_r026_c044__v01,0.446702665053672,1.34010799516102
truck_13,200m_r026_c044__v01,200m_r025_c046__v01,0.446707315256536,1.34012194576961
truck_13,200m_r025_c046__v01,200m_r025_c048__v01,0.399548777723751,1.19864633317125
truck_13,200m_r025_c048__v01,200m_r024_c050__v01,0.446711965118991,1.34013589535697
truck_13,200m_r024_c050__v01,200m_r023_c051__v01,0.282527239634607,0.847581718903822
truck_13,200m_r023_c051__v01,200m_r024_c050__v01,0.282527239634607,0.847581718903822
truck_13,200m_r024_c050__v01,200m_r024_c048__v01,0.399553976239175,1.19866192871753
truck_13,200m_r024_c048__v01,200m_r024_c045__v01,0.599330964336168,1.7979928930085
truck_13,200m_r024_c045__v01,200m_r023_c044__v01,0.282527239634607,0.847581718903822
truck_13,200m_r023_c044__v01,200m_r023_c043__v01,0.199779587182904,0.599338761548712
truck_13,200m_r023_c043__v01,200m_r021_c043__v01,0.399551132711192,1.19865339813358
truck_13,200m_r021_c043__v01,200m_r020_c043__v01,0.199775566355596,0.599326699066788
truck_13,200m_r020_c043__v01,200m_r018_c042__v01,0.446718193410143,1.34015458023043
truck_13,200m_r018_c042__v01,200m_r018_c040__v01,0.399585159072608,1.19875547721783
truck_13,200m_r018_c040__v01,200m_r018_c038__v01,0.399585159071149,1.19875547721345
truck_13,200m_r018_c038__v01,200m_r019_c035__v01,0.631790533953671,1.89537160186101
truck_13,200m_r019_c035__v01,200m_r020_c035__v01,0.199775566355596,0.599326699066788
truck_13,200m_r020_c035__v01,200m_r023_c035__v01,0.599326699066788,1.79798009720036
truck_13,200m_r023_c035__v01,200m_r025_c037__v01,0.565052641351954,1.69515792405586
truck_13,200m_r025_c037__v01,200m_r026_c036__v01,0.282523563729009,0.847570691187027
truck_13,200m_r026_c036__v01,200m_r025_c037__v01,0.282523563729009,0.847570691187027
truck_13,200m_r025_c037__v01,200m_r023_c035__v01,0.565052641351954,1.69515792405586
truck_13,200m_r023_c035__v01,200m_r021_c034__v01,0.446714707048324,1.34014412114497
truck_13,200m_r021_c034__v01,200m_r019_c033__v01,0.446717031365301,1.3401510940959
truck_13,200m_r019_c033__v01,200m_r020_c031__v01,0.446735209340487,1.34020562802146
truck_13,200m_r020_c031__v01,200m_r019_c030__v01,0.282534589922413,0.84760376976724
truck_13,200m_r019_c030__v01,200m_r020_c028__v01,0.446735209340487,1.34020562802146
truck_13,200m_r020_c028__v01,200m_r022_c027__v01,0.446715869244693,1.34014760773408
truck_13,200m_r022_c027__v01,200m_r024_c026__v01,0.446713544776197,1.34014063432859
truck_13,200m_r024_c026__v01,200m_r022_c027__v01,0.446713544776197,1.34014063432859
truck_13,200m_r022_c027__v01,200m_r020_c028__v01,0.446715869244693,1.34014760773408
truck_13,200m_r020_c028__v01,200m_r019_c030__v01,0.446735209340487,1.34020562802146
truck_13,200m_r019_c030__v01,200m_r020_c031__v01,0.282534589922413,0.84760376976724
truck_13,200m_r020_c031__v01,200m_r020_c033__v01,0.399574766364867,1.1987242990946
truck_13,200m_r020_c033__v01,200m_r021_c034__v01,0.282532752540898,0.847598257622693
truck_13,200m_r021_c034__v01,200m_r023_c035__v01,0.446714707048324,1.34014412114497
truck_13,200m_r023_c035__v01,200m_r025_c037__v01,0.565052641351954,1.69515792405586
truck_13,200m_r025_c037__v01,200m_r027_c037__v01,0.399551132711587,1.19865339813476
truck_13,200m_r027_c037__v01,200m_r029_c038__v01,0.446707732279341,1.34012319683802
truck_13,200m_r029_c038__v01,200m_r031_c037__v01,0.446705406750435,1.34011622025131
truck_13,200m_r031_c037__v01,200m_r032_c036__v01,0.282512532965887,0.84753759889766
truck_13,200m_r032_c036__v01,200m_r034_c035__v01,0.446701917888492,1.34010575366548
truck_13,200m_r034_c035__v01,200m_r036_c036__v01,0.44669959160239,1.34009877480717
truck_13,200m_r036_c036__v01,200m_r039_c037__v01,0.631735159245863,1.89520547773759
truck_13,200m_r039_c037__v01,200m_r041_c035__v01,0.564993796402279,1.69498138920684
truck_13,200m_r041_c035__v01,200m_r039_c037__v01,0.564993796402279,1.69498138920684
truck_13,200m_r039_c037__v01,200m_r036_c036__v01,0.631735159245863,1.89520547773759
truck_13,200m_r036_c036__v01,200m_r034_c035__v01,0.44669959160239,1.34009877480717
truck_13,200m_r034_c035__v01,200m_r032_c036__v01,0.446701917888492,1.34010575366548
truck_13,200m_r032_c036__v01,200m_r031_c037__v01,0.282512532965887,0.84753759889766
truck_13,200m_r031_c037__v01,200m_r030_c038__v01,0.282514371743705,0.847543115231115
truck_13,200m_r030_c038__v01,200m_r028_c037__v01,0.446706569552753,1.34011970865826
truck_13,200m_r028_c037__v01,200m_r026_c037__v01,0.399551132711587,1.19865339813476
truck_13,200m_r026_c037__v01,200m_r025_c037__v01,0.199775566355596,0.599326699066788
truck_13,200m_r025_c037__v01,200m_r023_c035__v01,0.565052641351954,1.69515792405586
truck_13,200m_r023_c035__v01,200m_r021_c034__v01,0.446714707048324,1.34014412114497
truck_13,200m_r021_c034__v01,200m_r019_c033__v01,0.446717031365301,1.3401510940959
truck_13,200m_r019_c033__v01,200m_r017_c033__v01,0.399551132711192,1.19865339813358
truck_13,200m_r017_c033__v01,200m_r019_c033__v01,0.399551132711192,1.19865339813358
truck_13,200m_r019_c033__v01,200m_r021_c034__v01,0.446717031365301,1.3401510940959
truck_13,200m_r021_c034__v01,200m_r023_c035__v01,0.446714707048324,1.34014412114497
truck_13,200m_r023_c035__v01,200m_r023_c037__v01,0.399559174358814,1.19867752307644
truck_13,200m_r023_c037__v01,200m_r023_c038__v01,0.199779587184363,0.599338761553091
truck_13,200m_r023_c038__v01,200m_r024_c038__v01,0.199775566355596,0.599326699066788
truck_13,200m_r024_c038__v01,200m_r025_c039__v01,0.282525401745279,0.847576205235836
truck_13,200m_r025_c039__v01,200m_r026_c040__v01,0.282523563727977,0.84757069118393
truck_13,200m_r026_c040__v01,DEPOT,0.446702665054978,1.34010799516493
truck_14,DEPOT,200m_r026_c044__v01,0.446702665053672,1.34010799516102
truck_14,200m_r026_c044__v01,200m_r025_c046__v01,0.446707315256536,1.34012194576961
truck_14,200m_r025_c046__v01,200m_r025_c048__v01,0.399548777723751,1.19864633317125
truck_14,200m_r025_c048__v01,200m_r024_c050__v01,0.446711965118991,1.34013589535697
truck_14,200m_r024_c050__v01,200m_r024_c052__v01,0.399553976237715,1.19866192871315
truck_14,200m_r024_c052__v01,200m_r024_c054__v01,0.399553976239175,1.19866192871753
truck_14,200m_r024_c054__v01,200m_r025_c056__v01,0.446711965117686,1.34013589535306
truck_14,200m_r025_c056__v01,200m_r026_c057__v01,0.282523563729009,0.847570691187027
truck_14,200m_r026_c057__v01,200m_r027_c059__v01,0.446702665053672,1.34010799516102
truck_14,200m_r027_c059__v01,200m_r027_c060__v01,0.199769189763582,0.599307569290746
truck_14,200m_r027_c060__v01,200m_r027_c062__v01,0.399538379518707,1.19861513855612
truck_14,200m_r027_c062__v01,200m_r028_c064__v01,0.446698014512488,1.34009404353746
truck_14,200m_r028_c064__v01,200m_r028_c066__v01,0.399533179826177,1.19859953947853
truck_14,200m_r028_c066__v01,200m_r028_c067__v01,0.199766589915858,0.599299769747575
truck_14,200m_r028_c067__v01,200m_r029_c067__v01,0.199775566355596,0.599326699066788
truck_14,200m_r029_c067__v01,200m_r031_c066__v01,0.446705406749783,1.34011622024935
truck_14,200m_r031_c066__v01,200m_r032_c066__v01,0.199775566355596,0.599326699066788
truck_14,200m_r032_c066__v01,200m_r034_c067__v01,0.446701917888492,1.34010575366548
truck_14,200m_r034_c067__v01,200m_r035_c066__v01,0.28250701586997,0.847521047609911
truck_14,200m_r035_c066__v01,200m_r036_c065__v01,0.28250517658558,0.84751552975674
truck_14,200m_r036_c065__v01,200m_r034_c065__v01,0.399551132711192,1.19865339813358
truck_14,200m_r034_c065__v01,200m_r032_c066__v01,0.446701917889145,1.34010575366743
truck_14,200m_r032_c066__v01,200m_r034_c065__v01,0.446701917889145,1.34010575366743
truck_14,200m_r034_c065__v01,200m_r035_c064__v01,0.282507015871002,0.847521047613007
truck_14,200m_r035_c064__v01,200m_r036_c063__v01,0.28250517658558,0.84751552975674
truck_14,200m_r036_c063__v01,200m_r036_c062__v01,0.199745784074749,0.599237352224248
truck_14,200m_r036_c062__v01,200m_r034_c062__v01,0.399551132711192,1.19865339813358
truck_14,200m_r034_c062__v01,200m_r033_c062__v01,0.199775566355596,0.599326699066788
truck_14,200m_r033_c062__v01,200m_r034_c062__v01,0.199775566355596,0.599326699066788
truck_14,200m_r034_c062__v01,200m_r036_c062__v01,0.399551132711192,1.19865339813358
truck_14,200m_r036_c062__v01,200m_r036_c063__v01,0.199745784074749,0.599237352224248
truck_14,200m_r036_c063__v01,200m_r036_c062__v01,0.199745784074749,0.599237352224248
truck_14,200m_r036_c062__v01,200m_r035_c061__v01,0.28250517658558,0.84751552975674
truck_14,200m_r035_c061__v01,200m_r033_c061__v01,0.399551132711192,1.19865339813358
truck_14,200m_r033_c061__v01,200m_r034_c061__v01,0.199775566355596,0.599326699066788
truck_14,200m_r034_c061__v01,200m_r033_c060__v01,0.282508855029531,0.847526565088592
truck_14,200m_r033_c060__v01,200m_r032_c059__v01,0.28251069406116,0.847532082183481
truck_14,200m_r032_c059__v01,200m_r031_c058__v01,0.282512532964855,0.847537598894564
truck_14,200m_r031_c058__v01,200m_r029_c058__v01,0.399551132711192,1.19865339813358
truck_14,200m_r029_c058__v01,200m_r028_c058__v01,0.199775566355596,0.599326699066788
truck_14,200m_r028_c058__v01,200m_r027_c057__v01,0.282519887315664,0.847559661946992
truck_14,200m_r027_c057__v01,200m_r027_c059__v01,0.399538379517247,1.19861513855174
truck_14,200m_r027_c059__v01,200m_r027_c060__v01,0.199769189763582,0.599307569290746
truck_14,200m_r027_c060__v01,200m_r026_c062__v01,0.446702665054978,1.34010799516493
truck_14,200m_r026_c062__v01,200m_r027_c060__v01,0.446702665054978,1.34010799516493
truck_14,200m_r027_c060__v01,200m_r028_c059__v01,0.282519887315664,0.847559661946992
truck_14,200m_r028_c059__v01,200m_r029_c058__v01,0.282518048917566,0.847554146752699
truck_14,200m_r029_c058__v01,200m_r030_c056__v01,0.446688712413991,1.34006613724197
truck_14,200m_r030_c056__v01,200m_r031_c056__v01,0.199775566355596,0.599326699066788
truck_14,200m_r031_c056__v01,200m_r032_c054__v01,0.446679408955885,1.34003822686766
truck_14,200m_r032_c054__v01,200m_r032_c053__v01,0.199756188568061,0.599268565704184
truck_14,200m_r032_c053__v01,200m_r036_c051__v01,0.893401509430192,2.68020452829058
truck_14,200m_r036_c051__v01,200m_r037_c047__v01,0.823575141924763,2.47072542577429
truck_14,200m_r037_c047__v01,200m_r034_c046__v01,0.631736804420602,1.89521041326181
truck_14,200m_r034_c046__v01,200m_r032_c045__v01,0.446701917889145,1.34010575366743
truck_14,200m_r032_c045__v01,200m_r030_c043__v01,0.56502690468163,1.69508071404489
truck_14,200m_r030_c043__v01,200m_r029_c042__v01,0.28251621039461,0.847548631183831
truck_14,200m_r029_c042__v01,DEPOT,0.399551132711192,1.19865339813358
truck_15,DEPOT,200m_r029_c041__v01,0.446707732279341,1.34012319683802
truck_15,200m_r029_c041__v01,200m_r030_c039__v01,0.446688712412686,1.34006613723806
truck_15,200m_r030_c039__v01,200m_r031_c038__v01,0.282514371743705,0.847543115231115
truck_15,200m_r031_c038__v01,200m_r032_c036__v01,0.446679408957191,1.34003822687157
truck_15,200m_r032_c036__v01,200m_r034_c035__v01,0.446701917888492,1.34010575366548
truck_15,200m_r034_c035__v01,200m_r036_c036__v01,0.44669959160239,1.34009877480717
truck_15,200m_r036_c036__v01,200m_r039_c037__v01,0.631735159245863,1.89520547773759
truck_15,200m_r039_c037__v01,200m_r041_c036__v01,0.446693774563007,1.34008132368902
truck_15,200m_r041_c036__v01,200m_r042_c033__v01,0.631620319302446,1.89486095790734
truck_15,200m_r042_c033__v01,200m_r041_c031__v01,0.44663287131907,1.33989861395721
truck_15,200m_r041_c031__v01,200m_r039_c029__v01,0.564993796403311,1.69498138920993
truck_15,200m_r039_c029__v01,200m_r037_c026__v01,0.720213720684428,2.16064116205329
truck_15,200m_r037_c026__v01,200m_r034_c024__v01,0.720269452071521,2.16080835621456
truck_15,200m_r034_c024__v01,200m_r031_c022__v01,0.720278108395409,2.16083432518623
truck_15,200m_r031_c022__v01,200m_r028_c024__v01,0.720286762991616,2.16086028897485
truck_15,200m_r028_c024__v01,200m_r026_c026__v01,0.5650416128738,1.6951248386214
truck_15,200m_r026_c026__v01,200m_r026_c025__v01,0.199771789413421,0.599315368240264
truck_15,200m_r026_c025__v01,200m_r027_c023__v01,0.446702665053672,1.34010799516102
truck_15,200m_r027_c023__v01,200m_r028_c022__v01,0.282519887315664,0.847559661946992
truck_15,200m_r028_c022__v01,200m_r028_c020__v01,0.399533179824717,1.19859953947415
truck_15,200m_r028_c020__v01,200m_r028_c019__v01,0.199766589917318,0.599299769751953
truck_15,200m_r028_c019__v01,200m_r029_c016__v01,0.631716563293257,1.89514968987977
truck_15,200m_r029_c016__v01,200m_r029_c011__v01,0.998819949202497,2.99645984760749
truck_15,200m_r029_c011__v01,200m_r028_c008__v01,0.631716563293257,1.89514968987977
truck_15,200m_r028_c008__v01,200m_r027_c007__v01,0.282519887315664,0.847559661946992
truck_15,200m_r027_c007__v01,200m_r029_c011__v01,0.893391378037059,2.68017413411118
truck_15,200m_r029_c011__v01,200m_r030_c013__v01,0.446688712412686,1.34006613723806
truck_15,200m_r030_c013__v01,200m_r031_c016__v01,0.63170176256957,1.89510528770871
truck_15,200m_r031_c016__v01,200m_r030_c017__v01,0.282514371742673,0.847543115228019
truck_15,200m_r030_c017__v01,200m_r027_c019__v01,0.720289647473227,2.16086894241968
truck_15,200m_r027_c019__v01,200m_r025_c020__v01,0.446710057505665,1.340130172517
truck_15,200m_r025_c020__v01,200m_r026_c020__v01,0.199775566355596,0.599326699066788
truck_15,200m_r026_c020__v01,200m_r024_c020__v01,0.399551132711192,1.19865339813358
truck_15,200m_r024_c020__v01,200m_r022_c022__v01,0.565056317003669,1.69516895101101
truck_15,200m_r022_c022__v01,200m_r021_c024__v01,0.446725912670598,1.34017773801179
truck_15,200m_r021_c024__v01,200m_r021_c025__v01,0.199784784714693,0.59935435414408
truck_15,200m_r021_c025__v01,200m_r020_c027__v01,0.446730561175855,1.34019168352756
truck_15,200m_r020_c027__v01,200m_r019_c028__v01,0.282534589922413,0.84760376976724
truck_15,200m_r019_c028__v01,200m_r018_c029__v01,0.282536427175932,0.847609281527795
truck_15,200m_r018_c029__v01,200m_r016_c029__v01,0.399551132711192,1.19865339813358
truck_15,200m_r016_c029__v01,200m_r015_c030__v01,0.282541938178778,0.847625814536333
truck_15,200m_r015_c030__v01,200m_r014_c031__v01,0.28254377492542,0.847631324776261
truck_15,200m_r014_c031__v01,200m_r013_c032__v01,0.282545611545074,0.847636834635223
truck_15,200m_r013_c032__v01,200m_r011_c033__v01,0.44672632560162,1.34017897680486
truck_15,200m_r011_c033__v01,200m_r009_c032__v01,0.44672864840297,1.34018594520891
truck_15,200m_r009_c032__v01,200m_r011_c033__v01,0.44672864840297,1.34018594520891
truck_15,200m_r011_c033__v01,200m_r013_c033__v01,0.399551132711192,1.19865339813358
truck_15,200m_r013_c033__v01,200m_r014_c034__v01,0.282545611545074,0.847636834635223
truck_15,200m_r014_c034__v01,200m_r016_c035__v01,0.446722840831778,1.34016852249534
truck_15,200m_r016_c035__v01,200m_r017_c035__v01,0.199775566355596,0.599326699066788
truck_15,200m_r017_c035__v01,200m_r018_c037__v01,0.446744504654377,1.34023351396313
truck_15,200m_r018_c037__v01,200m_r020_c038__v01,0.446718193410143,1.34015458023043
truck_15,200m_r020_c038__v01,200m_r023_c038__v01,0.599326699066788,1.79798009720036
truck_15,200m_r023_c038__v01,200m_r024_c038__v01,0.199775566355596,0.599326699066788
truck_15,200m_r024_c038__v01,200m_r025_c039__v01,0.282525401745279,0.847576205235836
truck_15,200m_r025_c039__v01,200m_r026_c040__v01,0.282523563727977,0.84757069118393
truck_15,200m_r026_c040__v01,DEPOT,0.446702665054978,1.34010799516493
truck_16,DEPOT,200m_r026_c044__v01,0.446702665053672,1.34010799516102
truck_16,200m_r026_c044__v01,200m_r025_c046__v01,0.446707315256536,1.34012194576961
truck_16,200m_r025_c046__v01,200m_r025_c048__v01,0.399548777723751,1.19864633317125
truck_16,200m_r025_c048__v01,200m_r024_c050__v01,0.446711965118991,1.34013589535697
truck_16,200m_r024_c050__v01,200m_r024_c052__v01,0.399553976237715,1.19866192871315
truck_16,200m_r024_c052__v01,200m_r024_c054__v01,0.399553976239175,1.19866192871753
truck_16,200m_r024_c054__v01,200m_r025_c056__v01,0.446711965117686,1.34013589535306
truck_16,200m_r025_c056__v01,200m_r026_c057__v01,0.282523563729009,0.847570691187027
truck_16,200m_r026_c057__v01,200m_r027_c059__v01,0.446702665053672,1.34010799516102
truck_16,200m_r027_c059__v01,200m_r027_c060__v01,0.199769189763582,0.599307569290746
truck_16,200m_r027_c060__v01,200m_r027_c062__v01,0.399538379518707,1.19861513855612
truck_16,200m_r027_c062__v01,200m_r028_c064__v01,0.446698014512488,1.34009404353746
truck_16,200m_r028_c064__v01,200m_r028_c066__v01,0.399533179826177,1.19859953947853
truck_16,200m_r028_c066__v01,200m_r028_c067__v01,0.199766589915858,0.599299769747575
truck_16,200m_r028_c067__v01,200m_r027_c068__v01,0.282519887315664,0.847559661946992
truck_16,200m_r027_c068__v01,200m_r027_c069__v01,0.199769189763582,0.599307569290746
truck_16,200m_r027_c069__v01,200m_r029_c069__v01,0.399551132711192,1.19865339813358
truck_16,200m_r029_c069__v01,200m_r030_c068__v01,0.28251621039461,0.847548631183831
truck_16,200m_r030_c068__v01,200m_r032_c066__v01,0.56502690468163,1.69508071404489
truck_16,200m_r032_c066__v01,200m_r034_c066__v01,0.399551132711192,1.19865339813358
truck_16,200m_r034_c066__v01,200m_r035_c066__v01,0.199775566355596,0.599326699066788
truck_16,200m_r035_c066__v01,200m_r037_c066__v01,0.399551132711192,1.19865339813358
truck_16,200m_r037_c066__v01,200m_r038_c066__v01,0.199775566355596,0.599326699066788
truck_16,200m_r038_c066__v01,200m_r039_c066__v01,0.199775566355596,0.599326699066788
truck_16,200m_r039_c066__v01,200m_r040_c067__v01,0.282497818174017,0.84749345452205
truck_16,200m_r040_c067__v01,200m_r041_c068__v01,0.282495978255229,0.847487934765686
truck_16,200m_r041_c068__v01,200m_r043_c068__v01,0.399551132711192,1.19865339813358
truck_16,200m_r043_c068__v01,200m_r042_c066__v01,0.446628215689898,1.33988464706969
truck_16,200m_r042_c066__v01,200m_r041_c066__v01,0.199775566355596,0.599326699066788
truck_16,200m_r041_c066__v01,200m_r040_c065__v01,0.282495978255229,0.847487934765686
truck_16,200m_r040_c065__v01,200m_r039_c065__v01,0.199775566355596,0.599326699066788
truck_16,200m_r039_c065__v01,200m_r040_c065__v01,0.199775566355596,0.599326699066788
truck_16,200m_r040_c065__v01,200m_r041_c066__v01,0.282495978255229,0.847487934765686
truck_16,200m_r041_c066__v01,200m_r042_c068__v01,0.44663287131907,1.33989861395721
truck_16,200m_r042_c068__v01,200m_r045_c067__v01,0.631730222462876,1.89519066738863
truck_16,200m_r045_c067__v01,200m_r047_c072__v01,1.07556527518086,3.22669582554259
truck_16,200m_r047_c072__v01,200m_r047_c074__v01,0.399434311033399,1.1983029331002
truck_16,200m_r047_c074__v01,200m_r047_c072__v01,0.399434311033399,1.1983029331002
truck_16,200m_r047_c072__v01,200m_r045_c067__v01,1.07556527518086,3.22669582554259
truck_16,200m_r045_c067__v01,200m_r044_c065__v01,0.446618903414112,1.33985671024234
truck_16,200m_r044_c065__v01,200m_r043_c063__v01,0.446623559722881,1.33987067916864
truck_16,200m_r043_c063__v01,200m_r041_c061__v01,0.564986436215535,1.69495930864661
truck_16,200m_r041_c061__v01,200m_r041_c060__v01,0.199732774042367,0.5991983221271
truck_16,200m_r041_c060__v01,200m_r039_c057__v01,0.72020073094338,2.16060219283014
truck_16,200m_r039_c057__v01,200m_r035_c056__v01,0.823687907804859,2.47106372341458
truck_16,200m_r035_c056__v01,200m_r035_c055__v01,0.199748385492322,0.599245156476966
truck_16,200m_r035_c055__v01,200m_r036_c051__v01,0.823585237200297,2.47075571160089
truck_16,200m_r036_c051__v01,200m_r036_c049__v01,0.399491568143949,1.19847470443185
truck_16,200m_r036_c049__v01,200m_r036_c051__v01,0.399491568143949,1.19847470443185
truck_16,200m_r036_c051__v01,200m_r035_c055__v01,0.823585237200297,2.47075571160089
truck_16,200m_r035_c055__v01,200m_r035_c056__v01,0.199748385492322,0.599245156476966
truck_16,200m_r035_c056__v01,200m_r034_c055__v01,0.28250701586997,0.847521047609911
truck_16,200m_r034_c055__v01,200m_r032_c055__v01,0.399551132711192,1.19865339813358
truck_16,200m_r032_c055__v01,200m_r031_c057__v01,0.446679408955885,1.34003822686766
truck_16,200m_r031_c057__v01,200m_r031_c058__v01,0.1997587892,0.599276367600001
truck_16,200m_r031_c058__v01,200m_r032_c060__v01,0.446679408955885,1.34003822686766
truck_16,200m_r032_c060__v01,200m_r033_c061__v01,0.28251069406116,0.847532082183481
truck_16,200m_r033_c061__v01,200m_r034_c062__v01,0.282508855029531,0.847526565088592
truck_16,200m_r034_c062__v01,200m_r034_c061__v01,0.199750986714949,0.599252960144848
truck_16,200m_r034_c061__v01,200m_r034_c059__v01,0.399501973421433,1.1985059202643
truck_16,200m_r034_c059__v01,200m_r035_c056__v01,0.631672154525683,1.89501646357705
truck_16,200m_r035_c056__v01,200m_r035_c055__v01,0.199748385492322,0.599245156476966
truck_16,200m_r035_c055__v01,200m_r036_c051__v01,0.823585237200297,2.47075571160089
truck_16,200m_r036_c051__v01,200m_r036_c049__v01,0.399491568143949,1.19847470443185
truck_16,200m_r036_c049__v01,200m_r036_c045__v01,0.798983136218695,2.39694940865608
truck_16,200m_r036_c045__v01,200m_r033_c045__v01,0.599326699066788,1.79798009720036
truck_16,200m_r033_c045__v01,200m_r032_c045__v01,0.199775566355596,0.599326699066788
truck_16,200m_r032_c045__v01,200m_r030_c043__v01,0.56502690468163,1.69508071404489
truck_16,200m_r030_c043__v01,200m_r029_c042__v01,0.28251621039461,0.847548631183831
truck_16,200m_r029_c042__v01,DEPOT,0.399551132711192,1.19865339813358
truck_17,DEPOT,200m_r027_c045__v01,0.599307569255456,1.79792270776637
truck_17,200m_r027_c045__v01,200m_r027_c047__v01,0.399538379518707,1.19861513855612
truck_17,200m_r027_c047__v01,200m_r027_c050__v01,0.599307569255456,1.79792270776637
truck_17,200m_r027_c050__v01,200m_r026_c052__v01,0.446702665053672,1.34010799516102
truck_17,200m_r026_c052__v01,200m_r026_c054__v01,0.399543578818386,1.19863073645516
truck_17,200m_r026_c054__v01,200m_r027_c056__v01,0.446702665053672,1.34010799516102
truck_17,200m_r027_c056__v01,200m_r027_c057__v01,0.199769189763582,0.599307569290746
truck_17,200m_r027_c057__v01,200m_r027_c059__v01,0.399538379517247,1.19861513855174
truck_17,200m_r027_c059__v01,200m_r027_c060__v01,0.199769189763582,0.599307569290746
truck_17,200m_r027_c060__v01,200m_r027_c062__v01,0.399538379518707,1.19861513855612
truck_17,200m_r027_c062__v01,200m_r028_c064__v01,0.446698014512488,1.34009404353746
truck_17,200m_r028_c064__v01,200m_r028_c066__v01,0.399533179826177,1.19859953947853
truck_17,200m_r028_c066__v01,200m_r028_c067__v01,0.199766589915858,0.599299769747575
truck_17,200m_r028_c067__v01,200m_r028_c069__v01,0.399533179826177,1.19859953947853
truck_17,200m_r028_c069__v01,200m_r028_c071__v01,0.399533179824717,1.19859953947415
truck_17,200m_r028_c071__v01,200m_r027_c073__v01,0.446698014513793,1.34009404354138
truck_17,200m_r027_c073__v01,200m_r028_c071__v01,0.446698014513793,1.34009404354138
truck_17,200m_r028_c071__v01,200m_r027_c069__v01,0.446698014512488,1.34009404353746
truck_17,200m_r027_c069__v01,200m_r027_c068__v01,0.199769189763582,0.599307569290746
truck_17,200m_r027_c068__v01,200m_r027_c070__v01,0.399538379518707,1.19861513855612
truck_17,200m_r027_c070__v01,200m_r028_c069__v01,0.282519887315664,0.847559661946992
truck_17,200m_r028_c069__v01,200m_r028_c067__v01,0.399533179826177,1.19859953947853
truck_17,200m_r028_c067__v01,200m_r029_c066__v01,0.282518048917566,0.847554146752699
truck_17,200m_r029_c066__v01,200m_r030_c064__v01,0.446688712413991,1.34006613724197
truck_17,200m_r030_c064__v01,200m_r031_c066__v01,0.446684060855212,1.34005218256564
truck_17,200m_r031_c066__v01,200m_r030_c068__v01,0.446684060853906,1.34005218256172
truck_17,200m_r030_c068__v01,200m_r029_c066__v01,0.446688712412686,1.34006613723806
truck_17,200m_r029_c066__v01,200m_r029_c067__v01,0.199763989873171,0.599291969619514
truck_17,200m_r029_c067__v01,200m_r029_c069__v01,0.399527979740802,1.19858393922241
truck_17,200m_r029_c069__v01,200m_r029_c070__v01,0.199763989874631,0.599291969623893
truck_17,200m_r029_c070__v01,200m_r028_c072__v01,0.446693363632215,1.34008009089665
truck_17,200m_r028_c072__v01,200m_r029_c070__v01,0.446693363632215,1.34008009089665
truck_17,200m_r029_c070__v01,200m_r029_c069__v01,0.199763989874631,0.599291969623893
truck_17,200m_r029_c069__v01,200m_r029_c071__v01,0.399527979739343,1.19858393921803
truck_17,200m_r029_c071__v01,200m_r030_c073__v01,0.446688712413991,1.34006613724197
truck_17,200m_r030_c073__v01,200m_r031_c075__v01,0.446684060853906,1.34005218256172
truck_17,200m_r031_c075__v01,200m_r033_c075__v01,0.399551132711192,1.19865339813358
truck_17,200m_r033_c075__v01,200m_r031_c075__v01,0.399551132711192,1.19865339813358
truck_17,200m_r031_c075__v01,200m_r030_c073__v01,0.446684060853906,1.34005218256172
truck_17,200m_r030_c073__v01,200m_r030_c071__v01,0.399522779262587,1.19856833778776
truck_17,200m_r030_c071__v01,200m_r030_c069__v01,0.399522779261128,1.19856833778338
truck_17,200m_r030_c069__v01,200m_r030_c068__v01,0.199761389635524,0.599284168906573
truck_17,200m_r030_c068__v01,200m_r029_c066__v01,0.446688712412686,1.34006613723806
truck_17,200m_r029_c066__v01,200m_r028_c064__v01,0.446693363633521,1.34008009090056
truck_17,200m_r028_c064__v01,200m_r027_c062__v01,0.446698014512488,1.34009404353746
truck_17,200m_r027_c062__v01,200m_r027_c060__v01,0.399538379518707,1.19861513855612
truck_17,200m_r027_c060__v01,200m_r027_c059__v01,0.199769189763582,0.599307569290746
truck_17,200m_r027_c059__v01,200m_r027_c057__v01,0.399538379517247,1.19861513855174
truck_17,200m_r027_c057__v01,200m_r027_c056__v01,0.199769189763582,0.599307569290746
truck_17,200m_r027_c056__v01,200m_r027_c054__v01,0.399538379517247,1.19861513855174
truck_17,200m_r027_c054__v01,200m_r028_c055__v01,0.282519887315664,0.847559661946992
truck_17,200m_r028_c055__v01,200m_r029_c056__v01,0.282518048917566,0.847554146752699
truck_17,200m_r029_c056__v01,200m_r030_c056__v01,0.199775566355596,0.599326699066788
truck_17,200m_r030_c056__v01,200m_r031_c057__v01,0.282514371743705,0.847543115231115
truck_17,200m_r031_c057__v01,200m_r031_c058__v01,0.1997587892,0.599276367600001
truck_17,200m_r031_c058__v01,200m_r032_c059__v01,0.282512532964855,0.847537598894564
truck_17,200m_r032_c059__v01,200m_r034_c058__v01,0.446701917888492,1.34010575366548
truck_17,200m_r034_c058__v01,200m_r035_c055__v01,0.631672154525683,1.89501646357705
truck_17,200m_r035_c055__v01,200m_r036_c051__v01,0.823585237200297,2.47075571160089
truck_17,200m_r036_c051__v01,200m_r036_c049__v01,0.399491568143949,1.19847470443185
truck_17,200m_r036_c049__v01,200m_r034_c046__v01,0.72023320181467,2.16069960544401
truck_17,200m_r034_c046__v01,200m_r032_c045__v01,0.446701917889145,1.34010575366743
truck_17,200m_r032_c045__v01,200m_r030_c043__v01,0.56502690468163,1.69508071404489
truck_17,200m_r030_c043__v01,200m_r029_c042__v01,0.28251621039461,0.847548631183831
truck_17,200m_r029_c042__v01,DEPOT,0.399551132711192,1.19865339813358
truck_18,DEPOT,200m_r026_c040__v01,0.446702665054978,1.34010799516493
truck_18,200m_r026_c040__v01,200m_r025_c038__v01,0.446707315255231,1.34012194576569
truck_18,200m_r025_c038__v01,200m_r024_c037__v01,0.282525401745279,0.847576205235836
truck_18,200m_r024_c037__v01,200m_r023_c035__v01,0.446716614640853,1.34014984392256
truck_18,200m_r023_c035__v01,200m_r021_c034__v01,0.446714707048324,1.34014412114497
truck_18,200m_r021_c034__v01,200m_r020_c033__v01,0.282532752540898,0.847598257622693
truck_18,200m_r020_c033__v01,200m_r020_c031__v01,0.399574766364867,1.1987242990946
truck_18,200m_r020_c031__v01,200m_r018_c029__v01,0.565071017072497,1.69521305121749
truck_18,200m_r018_c029__v01,200m_r016_c028__v01,0.446720517271863,1.34016155181559
truck_18,200m_r016_c028__v01,200m_r016_c027__v01,0.199797775107875,0.599393325323625
truck_18,200m_r016_c027__v01,200m_r017_c024__v01,0.631805321492218,1.89541596447665
truck_18,200m_r017_c024__v01,200m_r019_c024__v01,0.399551132711192,1.19865339813358
truck_18,200m_r019_c024__v01,200m_r021_c023__v01,0.446717031365301,1.3401510940959
truck_18,200m_r021_c023__v01,200m_r019_c024__v01,0.446717031365301,1.3401510940959
truck_18,200m_r019_c024__v01,200m_r017_c024__v01,0.399551132711192,1.19865339813358
truck_18,200m_r017_c024__v01,200m_r017_c028__v01,0.799180709603788,2.39754212881136
truck_18,200m_r017_c028__v01,200m_r018_c029__v01,0.282538264303512,0.847614792910538
truck_18,200m_r018_c029__v01,200m_r020_c031__v01,0.565071017072497,1.69521305121749
truck_18,200m_r020_c031__v01,200m_r020_c033__v01,0.399574766364867,1.1987242990946
truck_18,200m_r020_c033__v01,200m_r021_c034__v01,0.282532752540898,0.847598257622693
truck_18,200m_r021_c034__v01,200m_r023_c035__v01,0.446714707048324,1.34014412114497
truck_18,200m_r023_c035__v01,200m_r024_c037__v01,0.446716614640853,1.34014984392256
truck_18,200m_r024_c037__v01,200m_r024_c038__v01,0.199776988123815,0.599330964371444
truck_18,200m_r024_c038__v01,200m_r024_c040__v01,0.399553976237715,1.19866192871315
truck_18,200m_r024_c040__v01,200m_r024_c042__v01,0.399553976239175,1.19866192871753
truck_18,200m_r024_c042__v01,200m_r023_c043__v01,0.282527239634607,0.847581718903822
truck_18,200m_r023_c043__v01,200m_r021_c043__v01,0.399551132711192,1.19865339813358
truck_18,200m_r021_c043__v01,200m_r020_c043__v01,0.199775566355596,0.599326699066788
truck_18,200m_r020_c043__v01,200m_r022_c043__v01,0.399551132711192,1.19865339813358
truck_18,200m_r022_c043__v01,200m_r023_c044__v01,0.282529077395958,0.847587232187873
truck_18,200m_r023_c044__v01,200m_r024_c045__v01,0.282527239634607,0.847581718903822
truck_18,200m_r024_c045__v01,200m_r025_c044__v01,0.282525401745279,0.847576205235836
truck_18,200m_r025_c044__v01,200m_r026_c044__v01,0.199775566355596,0.599326699066788
truck_18,200m_r026_c044__v01,200m_r027_c043__v01,0.28252172558505,0.847565176755148
truck_18,200m_r027_c043__v01,200m_r029_c042__v01,0.446707732279341,1.34012319683802
truck_18,200m_r029_c042__v01,200m_r030_c042__v01,0.199775566355596,0.599326699066788
truck_18,200m_r030_c042__v01,200m_r032_c041__v01,0.446704243872392,1.34011273161718
truck_18,200m_r032_c041__v01,200m_r032_c040__v01,0.199756188568061,0.599268565704184
truck_18,200m_r032_c040__v01,200m_r032_c038__v01,0.3995123771262,1.1985371313786
truck_18,200m_r032_c038__v01,200m_r030_c038__v01,0.399551132711192,1.19865339813358
truck_18,200m_r030_c038__v01,200m_r031_c037__v01,0.282514371743705,0.847543115231115
truck_18,200m_r031_c037__v01,200m_r032_c036__v01,0.282512532965887,0.84753759889766
truck_18,200m_r032_c036__v01,200m_r032_c034__v01,0.3995123771262,1.1985371313786
truck_18,200m_r032_c034__v01,200m_r031_c033__v01,0.282512532965887,0.84753759889766
truck_18,200m_r031_c033__v01,200m_r028_c030__v01,0.847548630948189,2.54264589284457
truck_18,200m_r028_c030__v01,200m_r031_c033__v01,0.847548630948189,2.54264589284457
truck_18,200m_r031_c033__v01,200m_r032_c033__v01,0.199775566355596,0.599326699066788
truck_18,200m_r032_c033__v01,200m_r034_c034__v01,0.446701917889145,1.34010575366743
truck_18,200m_r034_c034__v01,200m_r035_c035__v01,0.282507015871002,0.847521047613007
truck_18,200m_r035_c035__v01,200m_r034_c035__v01,0.199775566355596,0.599326699066788
truck_18,200m_r034_c035__v01,200m_r032_c036__v01,0.446701917888492,1.34010575366548
truck_18,200m_r032_c036__v01,200m_r032_c038__v01,0.399512377127659,1.19853713138298
truck_18,200m_r032_c038__v01,200m_r032_c040__v01,0.3995123771262,1.1985371313786
truck_18,200m_r032_c040__v01,200m_r031_c041__v01,0.282512532965887,0.84753759889766
truck_18,200m_r031_c041__v01,200m_r029_c041__v01,0.399551132711192,1.19865339813358
truck_18,200m_r029_c041__v01,DEPOT,0.446707732279341,1.34012319683802
truck_19,DEPOT,200m_r029_c042__v01,0.399551132711192,1.33183710903731
truck_19,200m_r029_c042__v01,200m_r030_c043__v01,0.28251621039461,0.941720701315368
truck_19,200m_r030_c043__v01,200m_r032_c045__v01,0.56502690468163,1.88342301560543
truck_19,200m_r032_c045__v01,200m_r034_c046__v01,0.446701917889145,1.48900639296382
truck_19,200m_r034_c046__v01,200m_r032_c048__v01,0.565019549062721,1.88339849687574
truck_19,200m_r032_c048__v01,200m_r030_c049__v01,0.446704243872392,1.48901414624131
truck_19,200m_r030_c049__v01,200m_r030_c052__v01,0.599284168871269,1.99761389623756
truck_19,200m_r030_c052__v01,200m_r029_c054__v01,0.446688712413991,1.4889623747133
truck_19,200m_r029_c054__v01,200m_r029_c056__v01,0.399527979739343,1.33175993246447
truck_19,200m_r029_c056__v01,200m_r029_c057__v01,0.199763989874631,0.66587996624877
truck_19,200m_r029_c057__v01,200m_r030_c056__v01,0.28251621039461,0.941720701315368
truck_19,200m_r030_c056__v01,200m_r031_c056__v01,0.199775566355596,0.665918554518654
truck_19,200m_r031_c056__v01,200m_r032_c054__v01,0.446679408955885,1.48893136318628
truck_19,200m_r032_c054__v01,200m_r032_c053__v01,0.199756188568061,0.665853961893538
truck_19,200m_r032_c053__v01,200m_r036_c051__v01,0.893401509430192,2.97800503143397
truck_19,200m_r036_c051__v01,200m_r037_c047__v01,0.823575141924763,2.74525047308254
truck_19,200m_r037_c047__v01,200m_r039_c045__v01,0.565001155575114,1.88333718525038
truck_19,200m_r039_c045__v01,200m_r040_c042__v01,0.631635132112686,2.10545044037562
truck_19,200m_r040_c042__v01,200m_r041_c039__v01,0.631627725982202,2.10542575327401
truck_19,200m_r041_c039__v01,200m_r041_c038__v01,0.199732774042367,0.665775913474556
truck_19,200m_r041_c038__v01,200m_r043_c041__v01,0.720187739345743,2.40062579781914
truck_19,200m_r043_c041__v01,200m_r043_c044__v01,0.599182705926898,1.99727568642299
truck_19,200m_r043_c044__v01,200m_r043_c047__v01,0.599182705928357,1.99727568642786
truck_19,200m_r043_c047__v01,200m_r044_c052__v01,1.01841780302994,3.3947260100998
truck_19,200m_r044_c052__v01,200m_r043_c047__v01,1.01841780302994,3.3947260100998
truck_19,200m_r043_c047__v01,200m_r043_c044__v01,0.599182705928357,1.99727568642786
truck_19,200m_r043_c044__v01,200m_r043_c041__v01,0.599182705926898,1.99727568642299
truck_19,200m_r043_c041__v01,200m_r041_c038__v01,0.720187739345743,2.40062579781914
truck_19,200m_r041_c038__v01,200m_r042_c034__v01,0.823524654231295,2.74508218077098
truck_19,200m_r042_c034__v01,200m_r045_c032__v01,0.720246360102685,2.40082120034228
truck_19,200m_r045_c032__v01,200m_r042_c032__v01,0.599326699066788,1.99775566355596
truck_19,200m_r042_c032__v01,200m_r040_c032__v01,0.399551132711192,1.33183710903731
truck_19,200m_r040_c032__v01,200m_r038_c031__v01,0.446694938122401,1.48898312707467
truck_19,200m_r038_c031__v01,200m_r037_c033__v01,0.446651490444112,1.48883830148037
truck_19,200m_r037_c033__v01,200m_r038_c030__v01,0.631649942725799,2.105499809086
truck_19,200m_r038_c030__v01,200m_r038_c029__v01,0.19974058065186,0.6658019355062
truck_19,200m_r038_c029__v01,200m_r037_c026__v01,0.631649942725799,2.105499809086
truck_19,200m_r037_c026__v01,200m_r034_c024__v01,0.720269452071521,2.40089817357174
truck_19,200m_r034_c024__v01,200m_r031_c022__v01,0.720278108395409,2.4009270279847
truck_19,200m_r031_c022__v01,200m_r027_c023__v01,0.823692953821057,2.74564317940352
truck_19,200m_r027_c023__v01,200m_r025_c023__v01,0.399551132711587,1.33183710903862
truck_19,200m_r025_c023__v01,200m_r024_c023__v01,0.199775566355596,0.665918554518654
truck_19,200m_r024_c023__v01,200m_r025_c025__v01,0.446711965117686,1.48903988372562
truck_19,200m_r025_c025__v01,200m_r026_c025__v01,0.199775566355596,0.665918554518654
truck_19,200m_r026_c025__v01,200m_r024_c026__v01,0.446711220004687,1.48903740001562
truck_19,200m_r024_c026__v01,200m_r022_c027__v01,0.446713544776197,1.48904514925399
truck_19,200m_r022_c027__v01,200m_r020_c028__v01,0.446715869244693,1.48905289748231
truck_19,200m_r020_c028__v01,200m_r018_c029__v01,0.44671819340949,1.4890606446983
truck_19,200m_r018_c029__v01,200m_r019_c029__v01,0.199775566355596,0.665918554518654
truck_19,200m_r019_c029__v01,200m_r020_c031__v01,0.446735209341793,1.48911736447264
truck_19,200m_r020_c031__v01,200m_r020_c033__v01,0.399574766364867,1.33191588788289
truck_19,200m_r020_c033__v01,200m_r021_c034__v01,0.282532752540898,0.941775841802992
truck_19,200m_r021_c034__v01,200m_r023_c035__v01,0.446714707048324,1.48904902349441
truck_19,200m_r023_c035__v01,200m_r024_c037__v01,0.446716614640853,1.48905538213618
truck_19,200m_r024_c037__v01,200m_r025_c038__v01,0.282525401745279,0.941751339150929
truck_19,200m_r025_c038__v01,200m_r026_c040__v01,0.446707315255231,1.4890243841841
truck_19,200m_r026_c040__v01,DEPOT,0.446702665054978,1.48900888351659
truck_20,DEPOT,200m_r026_c040__v01,0.446702665054978,1.48900888351659
truck_20,200m_r026_c040__v01,200m_r025_c038__v01,0.446707315255231,1.4890243841841
truck_20,200m_r025_c038__v01,200m_r024_c037__v01,0.282525401745279,0.941751339150929
truck_20,200m_r024_c037__v01,200m_r023_c035__v01,0.446716614640853,1.48905538213618
truck_20,200m_r023_c035__v01,200m_r021_c034__v01,0.446714707048324,1.48904902349441
truck_20,200m_r021_c034__v01,200m_r020_c033__v01,0.282532752540898,0.941775841802992
truck_20,200m_r020_c033__v01,200m_r018_c032__v01,0.44671819340949,1.4890606446983
truck_20,200m_r018_c032__v01,200m_r017_c031__v01,0.282538264304545,0.941794214348482
truck_20,200m_r017_c031__v01,200m_r019_c030__v01,0.446719355379216,1.48906451793072
truck_20,200m_r019_c030__v01,200m_r020_c028__v01,0.446735209340487,1.48911736446829
truck_20,200m_r020_c028__v01,200m_r022_c027__v01,0.446715869244693,1.48905289748231
truck_20,200m_r022_c027__v01,200m_r024_c026__v01,0.446713544776197,1.48904514925399
truck_20,200m_r024_c026__v01,200m_r025_c026__v01,0.199775566355596,0.665918554518654
truck_20,200m_r025_c026__v01,200m_r024_c026__v01,0.199775566355596,0.665918554518654
truck_20,200m_r024_c026__v01,200m_r022_c027__v01,0.446713544776197,1.48904514925399
truck_20,200m_r022_c027__v01,200m_r020_c028__v01,0.446715869244693,1.48905289748231
truck_20,200m_r020_c028__v01,200m_r019_c030__v01,0.446735209340487,1.48911736446829
truck_20,200m_r019_c030__v01,200m_r020_c031__v01,0.282534589922413,0.941781966408044
truck_20,200m_r020_c031__v01,200m_r019_c033__v01,0.446735209340487,1.48911736446829
truck_20,200m_r019_c033__v01,200m_r019_c034__v01,0.199789981462181,0.665966604873936
truck_20,200m_r019_c034__v01,200m_r018_c035__v01,0.282536427176964,0.94178809058988
truck_20,200m_r018_c035__v01,200m_r017_c035__v01,0.199775566355596,0.665918554518654
truck_20,200m_r017_c035__v01,200m_r014_c036__v01,0.631753244622589,2.10584414874196
truck_20,200m_r014_c036__v01,200m_r014_c039__v01,0.59940890963446,1.99802969878153
truck_20,200m_r014_c039__v01,200m_r011_c040__v01,0.631755708841629,2.10585236280543
truck_20,200m_r011_c040__v01,200m_r009_c041__v01,0.446728648403623,1.48909549467874
truck_20,200m_r009_c041__v01,200m_r008_c041__v01,0.199775566355596,0.665918554518654
truck_20,200m_r008_c041__v01,200m_r009_c041__v01,0.199775566355596,0.665918554518654
truck_20,200m_r009_c041__v01,200m_r011_c040__v01,0.446728648403623,1.48909549467874
truck_20,200m_r011_c040__v01,200m_r013_c042__v01,0.56509673241428,1.88365577471427
truck_20,200m_r013_c042__v01,200m_r015_c043__v01,0.446724002497734,1.48908000832578
truck_20,200m_r015_c043__v01,200m_r016_c044__v01,0.282541938177745,0.941806460592485
truck_20,200m_r016_c044__v01,200m_r018_c046__v01,0.565078365582824,1.88359455194275
truck_20,200m_r018_c046__v01,200m_r019_c049__v01,0.631790533953671,2.10596844651224
truck_20,200m_r019_c049__v01,200m_r022_c050__v01,0.63174913654097,2.10583045513657
truck_20,200m_r022_c050__v01,200m_r024_c050__v01,0.399551132711192,1.33183710903731
truck_20,200m_r024_c050__v01,200m_r025_c051__v01,0.282525401745279,0.941751339150929
truck_20,200m_r025_c051__v01,200m_r026_c052__v01,0.282523563727977,0.941745212426589
truck_20,200m_r026_c052__v01,200m_r026_c054__v01,0.399543578818386,1.33181192939462
truck_20,200m_r026_c054__v01,200m_r026_c056__v01,0.399543578816927,1.33181192938976
truck_20,200m_r026_c056__v01,200m_r026_c057__v01,0.199771789413421,0.665905964711405
truck_20,200m_r026_c057__v01,200m_r026_c059__v01,0.399543578816927,1.33181192938976
truck_20,200m_r026_c059__v01,200m_r026_c061__v01,0.399543578818386,1.33181192939462
truck_20,200m_r026_c061__v01,200m_r027_c060__v01,0.282521725586082,0.941739085286939
truck_20,200m_r027_c060__v01,200m_r029_c062__v01,0.565037936207345,1.88345978735782
truck_20,200m_r029_c062__v01,200m_r030_c064__v01,0.446688712412686,1.48896237470895
truck_20,200m_r030_c064__v01,200m_r031_c066__v01,0.446684060855212,1.48894686951737
truck_20,200m_r031_c066__v01,200m_r033_c067__v01,0.446703080917974,1.48901026972658
truck_20,200m_r033_c067__v01,200m_r035_c068__v01,0.446700754783948,1.48900251594649
truck_20,200m_r035_c068__v01,200m_r037_c069__v01,0.446698428346431,1.48899476115477
truck_20,200m_r037_c069__v01,200m_r035_c068__v01,0.446698428346431,1.48899476115477
truck_20,200m_r035_c068__v01,200m_r034_c066__v01,0.446665451226448,1.48888483742149
truck_20,200m_r034_c066__v01,200m_r034_c065__v01,0.199750986714949,0.665836622383164
truck_20,200m_r034_c065__v01,200m_r033_c063__v01,0.446670104143454,1.48890034714485
truck_20,200m_r033_c063__v01,200m_r033_c062__v01,0.199753587738251,0.665845292460836
truck_20,200m_r033_c062__v01,200m_r032_c060__v01,0.446674756719935,1.48891585573312
truck_20,200m_r032_c060__v01,200m_r031_c058__v01,0.446679408955885,1.48893136318628
truck_20,200m_r031_c058__v01,200m_r031_c056__v01,0.399517578391538,1.33172526130513
truck_20,200m_r031_c056__v01,200m_r030_c055__v01,0.282514371742673,0.941714572475577
truck_20,200m_r030_c055__v01,200m_r030_c054__v01,0.199761389635524,0.665871298785081
truck_20,200m_r030_c054__v01,200m_r030_c052__v01,0.399522779262587,1.33174259754196
truck_20,200m_r030_c052__v01,200m_r030_c049__v01,0.599284168871269,1.99761389623756
truck_20,200m_r030_c049__v01,200m_r030_c047__v01,0.399522779261128,1.33174259753709
truck_20,200m_r030_c047__v01,200m_r027_c047__v01,0.599326699066788,1.99775566355596
truck_20,200m_r027_c047__v01,200m_r027_c045__v01,0.399538379518707,1.33179459839569
truck_20,200m_r027_c045__v01,DEPOT,0.599307569255456,1.99769189751819
