vehicle_id,route_time_min
truck_01,0
truck_02,103.096596252049
truck_03,41.1723420476781
truck_04,70.0382881772448
truck_05,93.7154294717465
truck_06,111.40833781411
truck_07,0
truck_08,108.717749868315
truck_09,0
truck_10,111.540163083809
truck_11,85.3184896285738
truck_12,111.566206541327
truck_13,0
truck_14,104.570776536463
truck_15,106.653078708979
truck_16,107.070984569147
truck_17,79.0548517549222
truck_18,104.839694656596
truck_19,117.303873570265
truck_20,110.643799269638
